S1
JMP2
S2
VBE
FONT
E820
KLOAD
A20
GDT
PM
LFB
OK
KHI
KERNEL
KAT 0x00500000-0x005349A4
BI-OK
EXTMEM kb=15232
PIC
IDT
FPU-INIT present cw=037F
INT21
IDT-SELFTEST-OK
IDT-RESUMED
CONSOLE
BANNER-BEGIN
InitechDOS  Version 3.30
Copyright (C) 1991 Initech Systems Corporation.  All Rights Reserved.
BANNER-END
BANNER
FLAIR-HEAP-OK
FLAIR-FAT-MOUNT-BEGIN
FLAIR-FAT-MOUNT-OK
DESKTOP-DB-CREATE
TRASH-CREATE
FLAIR-DESKTOP
FINDER-DESKTOP-ICONS n=2
TBX-GATE-READY vec=0x81
FLAIR-TENANTS-READY hello+notes co-resident; HELLO foreground
FLAIR-HOOK-SET
IRQ-LIVE
FLAIR-LIVE-READY
FLAIR-TICK n=4
FLAIR-CURSOR x=80 y=60
FLAIR-TICK n=7
FLAIR-CURSOR x=0 y=0
FLAIR-TICK n=10
FLAIR-TICK n=13
FLAIR-CURSOR x=150 y=106
FLAIR-CURSOR x=300 y=211
FLAIR-CURSOR x=450 y=316
FLAIR-CURSOR x=600 y=422
FLAIR-EVT what=1 where=600,422 msg=00000000
FLAIR-DISPATCH app=FINDER
FLAIR-EVT what=2 where=600,422 msg=00000000
FINDER-ICON-SELECT name=Trash count=1
FLAIR-EVT what=1 where=600,422 msg=00000000
FLAIR-EVT what=2 where=600,422 msg=00000000
FINDER-OPEN-TRASH win=0 n=0 singleton=0
FLAIR-EVT what=3 where=600,422 msg=00001177
FINDER-CMD id=4 name=CLOSE_WINDOW src=key sel=0
FINDER-CLOSE-WINDOW win=0
DESKTOP-DB-SAVE n=3
FLAIR-EVT what=4 where=600,422 msg=00001177
FLAIR-CURSOR x=440 y=302
FLAIR-CURSOR x=280 y=182
FLAIR-CURSOR x=120 y=62
FLAIR-CURSOR x=0 y=0
FLAIR-CURSOR x=75 y=8
FLAIR-CURSOR x=225 y=24
FLAIR-CURSOR x=375 y=40
FLAIR-CURSOR x=600 y=64
FLAIR-EVT what=1 where=600,64 msg=00000000
FLAIR-EVT what=2 where=600,64 msg=00000000
FINDER-ICON-SELECT name=INITECH count=1
FLAIR-EVT what=1 where=600,64 msg=00000000
FLAIR-EVT what=2 where=600,64 msg=00000000
FINDER-OPEN-VOLUME win=0 n=2
FLAIR-CURSOR x=440 y=0
FLAIR-CURSOR x=280 y=0
FLAIR-CURSOR x=40 y=0
FLAIR-CURSOR x=0 y=0
FLAIR-CURSOR x=27 y=50
FLAIR-CURSOR x=54 y=101
FLAIR-EVT what=1 where=54,101 msg=00000000
FLAIR-CURSOR x=132 y=147
FLAIR-CURSOR x=288 y=239
FLAIR-CURSOR x=444 y=330
FLAIR-CURSOR x=600 y=422
FINDER-DROP-HILITE name=Trash
FLAIR-EVT what=2 where=600,422 msg=00000000
DESK-TRASH-ICON full
FINDER-TRASH name=README.TXT origin=0
DESKTOP-DB-SAVE n=4
FLAIR-CURSOR x=520 y=362
FLAIR-CURSOR x=360 y=242
FLAIR-CURSOR x=120 y=62
FLAIR-CURSOR x=0 y=0
FLAIR-CURSOR x=150 y=106
FLAIR-CURSOR x=375 y=264
FLAIR-CURSOR x=525 y=369
FLAIR-CURSOR x=600 y=422
FLAIR-EVT what=1 where=600,422 msg=00000000
FLAIR-EVT what=2 where=600,422 msg=00000000
FINDER-ICON-SELECT name=Trash count=1
FLAIR-EVT what=1 where=600,422 msg=00000000
FLAIR-EVT what=2 where=600,422 msg=00000000
FINDER-OPEN-TRASH win=1 n=1 singleton=0
FLAIR-CURSOR x=520 y=362
FLAIR-CURSOR x=280 y=182
FLAIR-CURSOR x=120 y=62
FLAIR-CURSOR x=0 y=0
FLAIR-CURSOR x=172 y=28
FLAIR-EVT what=1 where=172,28 msg=00000000
FLAIR-MENU-DROP menu=515
FLAIR-EVT what=2 where=172,28 msg=00000000
FLAIR-MENU menu=515 item=0 (sel=0x00000000)
FLAIR-CURSOR x=12 y=0
FLAIR-CURSOR x=0 y=0
FLAIR-CURSOR x=57 y=9
FLAIR-CURSOR x=172 y=28
FLAIR-EVT what=1 where=172,28 msg=00000000
FLAIR-MENU-DROP menu=515
FLAIR-CURSOR x=202 y=65
FLAIR-EVT what=2 where=202,65 msg=00000000
FLAIR-MENU menu=515 item=2 (sel=0x02030002)
FINDER-CMD id=11 name=EMPTY_TRASH src=mouse sel=0
FINDER-TRASH-ALERT n=1 k=1
FLAIR-CURSOR x=42 y=0
FLAIR-CURSOR x=0 y=0
FLAIR-CURSOR x=75 y=8
FLAIR-CURSOR x=225 y=24
FLAIR-CURSOR x=375 y=40
FLAIR-CURSOR x=525 y=56
FLAIR-CURSOR x=600 y=64
FLAIR-EVT what=1 where=600,64 msg=00000000
FLAIR-EVT what=2 where=600,64 msg=00000000
FLAIR-EVT what=1 where=600,64 msg=00000000
FLAIR-EVT what=2 where=600,64 msg=00000000
FLAIR-EVT what=3 where=600,64 msg=0000316E
FLAIR-EVT what=4 where=600,64 msg=0000316E
FLAIR-EVT what=3 where=600,64 msg=00000100
FINDER-TRASH-EMPTY-CANCEL
FLAIR-EVT what=4 where=600,64 msg=00000100
FLAIR-CURSOR x=440 y=0
FLAIR-CURSOR x=280 y=0
FLAIR-CURSOR x=120 y=0
FLAIR-CURSOR x=0 y=0
FLAIR-CURSOR x=172 y=28
FLAIR-EVT what=1 where=172,28 msg=00000000
FLAIR-MENU-DROP menu=515
FLAIR-CURSOR x=200 y=65
FLAIR-EVT what=2 where=200,65 msg=00000000
FLAIR-MENU menu=515 item=2 (sel=0x02030002)
FINDER-CMD id=11 name=EMPTY_TRASH src=mouse sel=0
FINDER-TRASH-ALERT n=1 k=1
FLAIR-CURSOR x=40 y=0
FLAIR-CURSOR x=0 y=0
FLAIR-CURSOR x=78 y=34
FLAIR-CURSOR x=235 y=101
FLAIR-CURSOR x=391 y=168
FLAIR-EVT what=1 where=391,168 msg=00000000
FINDER-TRASH-EMPTY-CANCEL
FLAIR-CURSOR x=341 y=218
FLAIR-EVT what=2 where=341,218 msg=00000000
FLAIR-CURSOR x=181 y=98
FLAIR-CURSOR x=21 y=0
FLAIR-CURSOR x=0 y=0
FLAIR-CURSOR x=57 y=9
FLAIR-CURSOR x=172 y=28
FLAIR-EVT what=1 where=172,28 msg=00000000
FLAIR-MENU-DROP menu=515
FLAIR-CURSOR x=200 y=65
FLAIR-EVT what=2 where=200,65 msg=00000000
FLAIR-MENU menu=515 item=2 (sel=0x02030002)
FINDER-CMD id=11 name=EMPTY_TRASH src=mouse sel=0
FINDER-TRASH-ALERT n=1 k=1
FLAIR-CURSOR x=40 y=0
FLAIR-CURSOR x=0 y=0
FLAIR-CURSOR x=77 y=28
FLAIR-CURSOR x=232 y=84
FLAIR-CURSOR x=387 y=140
FLAIR-CURSOR x=464 y=168
FLAIR-EVT what=1 where=464,168 msg=00000000
DESK-TRASH-ICON empty
FINDER-TRASH-EMPTIED purged=1 refused=0
DESKTOP-DB-SAVE n=3
FLAIR-CURSOR x=414 y=218
FLAIR-EVT what=2 where=414,218 msg=00000000
FLAIR-EVT what=3 where=414,218 msg=0000316E
FINDER-CMD id=2 name=NEW_FOLDER src=key sel=0
DESK-TRASH-ICON full
FINDER-NEW-FOLDER name=NEWFOLD parent=37
FLAIR-EVT what=4 where=414,218 msg=0000316E
FLAIR-CURSOR x=254 y=98
FLAIR-CURSOR x=94 y=0
FLAIR-CURSOR x=0 y=0
FLAIR-CURSOR x=57 y=9
FLAIR-CURSOR x=172 y=28
FLAIR-EVT what=1 where=172,28 msg=00000000
FLAIR-MENU-DROP menu=515
FLAIR-CURSOR x=200 y=65
FLAIR-EVT what=2 where=200,65 msg=00000000
FLAIR-MENU menu=515 item=2 (sel=0x02030002)
FINDER-CMD id=11 name=EMPTY_TRASH src=mouse sel=0
FINDER-TRASH-ALERT n=1 k=0
FLAIR-EVT what=3 where=200,65 msg=00000100
FINDER-TRASH-EMPTY-CANCEL
FLAIR-EVT what=4 where=200,65 msg=00000100
FLAIR-CURSOR x=0 y=0
FLAIR-CURSOR x=27 y=52
FLAIR-CURSOR x=54 y=103
FLAIR-EVT what=1 where=54,103 msg=00000000
FLAIR-EVT what=2 where=54,103 msg=00000000
FINDER-WIN-SELECT win=1 name=NEWFOLD count=1
FLAIR-EVT what=3 where=54,103 msg=00001177
FINDER-CMD id=4 name=CLOSE_WINDOW src=key sel=1
FINDER-CLOSE-WINDOW win=1
DESKTOP-DB-SAVE n=3
FLAIR-EVT what=4 where=54,103 msg=00001177
FLAIR-CURSOR x=0 y=43
FLAIR-CURSOR x=0 y=0
FLAIR-CURSOR x=150 y=106
FLAIR-CURSOR x=300 y=211
FLAIR-CURSOR x=450 y=316
FLAIR-CURSOR x=600 y=422
FLAIR-EVT what=1 where=600,422 msg=00000000
FLAIR-EVT what=2 where=600,422 msg=00000000
FINDER-ICON-SELECT name=Trash count=1
FLAIR-EVT what=1 where=600,422 msg=00000000
FLAIR-EVT what=2 where=600,422 msg=00000000
FINDER-OPEN-TRASH win=1 n=1 singleton=0
FLAIR-EVT what=3 where=600,422 msg=00001177
FINDER-CMD id=4 name=CLOSE_WINDOW src=key sel=0
FINDER-CLOSE-WINDOW win=1
DESKTOP-DB-SAVE n=3
FLAIR-EVT what=4 where=600,422 msg=00001177
FLAIR-CURSOR x=520 y=362
FLAIR-CURSOR x=280 y=182
FLAIR-CURSOR x=120 y=62
FLAIR-CURSOR x=0 y=0
FLAIR-CURSOR x=127 y=47
FLAIR-CURSOR x=190 y=70
FLAIR-EVT what=1 where=190,70 msg=00000000
FLAIR-EVT what=2 where=190,70 msg=00000000
FLAIR-DRAG win 0 (20,60)->(20,60)
FLAIR-CURSOR x=110 y=10
FLAIR-CURSOR x=0 y=0
FLAIR-CURSOR x=54 y=101
FLAIR-EVT what=1 where=54,101 msg=00000000
FLAIR-EVT what=2 where=54,101 msg=00000000
FINDER-WIN-DESELECT-ALL win=0
FLAIR-EVT what=1 where=54,101 msg=00000000
FLAIR-EVT what=2 where=54,101 msg=00000000
FINDER-WIN-DESELECT-ALL win=0
FLAIR-CURSOR x=0 y=0
FLAIR-CURSOR x=123 y=101
FLAIR-EVT what=1 where=123,101 msg=00000000
FLAIR-EVT what=2 where=123,101 msg=00000000
FINDER-WIN-SELECT win=0 name=APPS count=1
FLAIR-EVT what=1 where=123,101 msg=00000000
FLAIR-EVT what=2 where=123,101 msg=00000000
FINDER-OPEN-FOLDER name=APPS win=1 singleton=0
FLAIR-CURSOR x=0 y=0
FLAIR-CURSOR x=38 y=62
FLAIR-CURSOR x=75 y=124
FLAIR-EVT what=1 where=75,124 msg=00000000
FLAIR-EVT what=2 where=75,124 msg=00000000
FINDER-WIN-SELECT win=1 name=TENANTFX.EXE count=1
FLAIR-EVT what=1 where=75,124 msg=00000000
FLAIR-EVT what=2 where=75,124 msg=00000000
TENANT-LOAD name=TENANTFX.EXE len=812 base=0x0019e710
TENANT-REGISTER ok app=TENANTFX
TENANT-GATE ax=0x0001 rec=+0x00e4 -> 0
TENANT-GATE ax=0x0050 bar=+0x00fc -> 0
TENANT-GATE ax=0x0020 l=100 t=160 r=400 b=340 goaway=1 -> 1
TENANT-GATE ax=0x0022 win=1 s="TenantFix" -> 0
TENANT-GATE ax=0x0031 win=1 l=0 t=0 r=400 b=400 c=0 -> 0
TENANT-GATE ax=0x0030 win=1 x=16 y=16 s="Loaded from disk" fg=1 bg=0 -> 0
TENANT-GATE ax=0x0030 win=1 x=16 y=40 s="Click here to quit" fg=1 bg=0 -> 0
TENANT-EVT what=8
TENANT-EVT what=6
TENANT-GATE ax=0x0031 win=1 l=0 t=0 r=400 b=400 c=0 -> 0
TENANT-GATE ax=0x0030 win=1 x=16 y=16 s="Loaded from disk" fg=1 bg=0 -> 0
TENANT-GATE ax=0x0030 win=1 x=16 y=40 s="Click here to quit" fg=1 bg=0 -> 0
FLAIR-DISPATCH app=TENANTFX
FLAIR-CURSOR x=0 y=64
FLAIR-CURSOR x=0 y=0
FLAIR-CURSOR x=139 y=28
FLAIR-EVT what=1 where=139,28 msg=00000000
FLAIR-MENU-DROP menu=131
FLAIR-CURSOR x=177 y=50
FLAIR-EVT what=2 where=177,50 msg=00000000
FLAIR-MENU menu=131 item=1 (sel=0x00830001)
TENANT-MENU menu=131 item=1 src=mouse
TENANT-EVT what=81
TENANT-GATE ax=0x0030 win=1 x=16 y=64 s="TenantFix 1.0, a disk app" fg=1 bg=0 -> 0
TENANT-GATE ax=0x0050 bar=+0x02a4 -> 0
TENANT-GATE ax=0x0052 -> 0
FLAIR-CURSOR x=17 y=0
FLAIR-CURSOR x=0 y=0
FLAIR-CURSOR x=62 y=42
FLAIR-CURSOR x=188 y=128
FLAIR-CURSOR x=250 y=170
FLAIR-EVT what=1 where=250,170 msg=00000000
FLAIR-CURSOR x=350 y=240
FLAIR-EVT what=2 where=350,240 msg=00000000
TENANT-EVT what=6
TENANT-GATE ax=0x0031 win=1 l=0 t=0 r=400 b=400 c=0 -> 0
TENANT-GATE ax=0x0030 win=1 x=16 y=16 s="Loaded from disk" fg=1 bg=0 -> 0
TENANT-GATE ax=0x0030 win=1 x=16 y=40 s="Click here to quit" fg=1 bg=0 -> 0
TENANT-GATE ax=0x0030 win=1 x=16 y=64 s="TenantFix 1.0, a disk app" fg=1 bg=0 -> 0
FLAIR-DRAG win 0 (100,160)->(200,230)
FLAIR-CURSOR x=270 y=180
FLAIR-CURSOR x=110 y=60
FLAIR-CURSOR x=0 y=0
FLAIR-CURSOR x=42 y=28
FLAIR-EVT what=1 where=42,28 msg=00000000
FLAIR-MENU-DROP menu=129
FLAIR-CURSOR x=65 y=50
FLAIR-EVT what=2 where=65,50 msg=00000000
FLAIR-MENU menu=129 item=1 (sel=0x00810001)
TENANT-MENU menu=129 item=1 src=mouse
TENANT-EVT what=81
TENANT-GATE ax=0x0070 rc=0 -> 0
TENANT-EXIT rc=0 via=exit
TENANT-HEAPAVAIL n=3523616
FLAIR-CURSOR x=0 y=0
FLAIR-CURSOR x=143 y=124
FLAIR-EVT what=1 where=143,124 msg=00000000
FLAIR-EVT what=2 where=143,124 msg=00000000
FINDER-WIN-SELECT win=1 name=CTENANT.EXE count=1
FLAIR-EVT what=1 where=143,124 msg=00000000
FLAIR-EVT what=2 where=143,124 msg=00000000
TENANT-LOAD name=CTENANT.EXE len=1072 base=0x001a2ce0
TENANT-REGISTER ok app=CTENANT
TENANT-GATE ax=0x0001 rec=+0x03e4 -> 0
TENANT-GATE ax=0x0050 bar=+0x03b8 -> 0
TENANT-GATE ax=0x0020 l=180 t=170 r=470 b=330 goaway=1 -> 1
TENANT-GATE ax=0x0022 win=1 s="C Tenant" -> 0
TENANT-EVT what=8
TENANT-EVT what=6
TENANT-GATE ax=0x0031 win=1 l=0 t=0 r=400 b=400 c=0 -> 0
TENANT-GATE ax=0x0030 win=1 x=8 y=8 s="A C application, from disk" fg=1 bg=0 -> 0
FLAIR-DISPATCH app=CTENANT
FLAIR-EVT what=3 where=143,124 msg=00001E41
TENANT-EVT what=3
TENANT-GATE ax=0x0030 win=1 x=8 y=40 s="Key A" fg=1 bg=0 -> 0
TENANT-GATE ax=0x0033 win=1 x=8 y=64 s="Key A" fg=0 bg=3 -> 0
FLAIR-EVT what=4 where=143,124 msg=00001E41
FLAIR-EVT what=3 where=143,124 msg=00001E61
TENANT-EVT what=3
TENANT-GATE ax=0x0030 win=1 x=8 y=40 s="Key a" fg=1 bg=0 -> 0
TENANT-GATE ax=0x0033 win=1 x=8 y=64 s="Key a" fg=0 bg=3 -> 0
FLAIR-EVT what=4 where=143,124 msg=00001E61
FLAIR-EVT what=3 where=143,124 msg=00000A39
TENANT-EVT what=3
TENANT-GATE ax=0x0030 win=1 x=8 y=40 s="Key 9" fg=1 bg=0 -> 0
TENANT-GATE ax=0x0033 win=1 x=8 y=64 s="Key 9" fg=0 bg=3 -> 0
FLAIR-CURSOR x=63 y=64
FLAIR-EVT what=4 where=63,64 msg=00000A39
FLAIR-CURSOR x=0 y=0
FLAIR-CURSOR x=125 y=125
FLAIR-CURSOR x=250 y=250
FLAIR-EVT what=1 where=250,250 msg=00000000
TENANT-EVT what=1
TENANT-GATE ax=0x0033 win=1 x=8 y=96 s="Click" fg=0 bg=3 -> 0
FLAIR-EVT what=2 where=250,250 msg=00000000
FLAIR-EVT what=3 where=250,250 msg=00001071
TENANT-MENU menu=129 item=1 src=key
TENANT-EVT what=81
TENANT-GATE ax=0x0070 rc=0 -> 0
TENANT-EXIT rc=0 via=exit
TENANT-HEAPAVAIL n=3519504
FLAIR-EVT what=4 where=250,250 msg=00001071
FLAIR-CURSOR x=90 y=130
FLAIR-CURSOR x=0 y=10
FLAIR-CURSOR x=0 y=0
FLAIR-CURSOR x=70 y=41
FLAIR-CURSOR x=211 y=124
FLAIR-EVT what=1 where=211,124 msg=00000000
FLAIR-EVT what=2 where=211,124 msg=00000000
FINDER-WIN-SELECT win=1 name=123.EXE count=1
FLAIR-EVT what=1 where=211,124 msg=00000000
FLAIR-EVT what=2 where=211,124 msg=00000000
TENANT-LOAD name=123.EXE len=12592 base=0x001a4d00
TENANT-REGISTER ok app=123
TENANT-GATE ax=0x0001 rec=+0x3010 -> 0
TENANT-GATE ax=0x0050 bar=+0x2cd8 -> 0
TENANT-GATE ax=0x0020 l=0 t=40 r=640 b=480 goaway=1 -> 1
TENANT-GATE ax=0x0022 win=1 s="Initech 123" -> 0
TENANT-EVT what=8
TENANT-EVT what=6
TENANT-GATE ax=0x0031 win=1 l=0 t=0 r=640 b=480 c=0 -> 0
TENANT-GATE ax=0x0033 win=1 x=1 y=0 s="A1:                                                                     " fg=1 bg=0 -> 0
TENANT-GATE ax=0x0033 win=1 x=577 y=0 s="READY" fg=0 bg=3 -> 0
TENANT-GATE ax=0x0033 win=1 x=1 y=16 s="                                                                             " fg=1 bg=0 -> 0
TENANT-GATE ax=0x0033 win=1 x=1 y=32 s="                                                                             " fg=1 bg=0 -> 0
TENANT-GATE ax=0x0033 win=1 x=1 y=48 s="        A        B        C        D        E        F        G        H     " fg=0 bg=3 -> 0
TENANT-GATE ax=0x0033 win=1 x=1 y=64 s="1   " fg=0 bg=3 -> 0
TENANT-GATE ax=0x0033 win=1 x=33 y=64 s="                                                                         " fg=1 bg=0 -> 0
TENANT-GATE ax=0x0033 win=1 x=1 y=80 s="2   " fg=0 bg=3 -> 0
TENANT-GATE ax=0x0033 win=1 x=33 y=80 s="                                                                         " fg=1 bg=0 -> 0
TENANT-GATE ax=0x0033 win=1 x=1 y=96 s="3   " fg=0 bg=3 -> 0
TENANT-GATE ax=0x0033 win=1 x=33 y=96 s="                                                                         " fg=1 bg=0 -> 0
TENANT-GATE ax=0x0033 win=1 x=1 y=112 s="4   " fg=0 bg=3 -> 0
TENANT-GATE ax=0x0033 win=1 x=33 y=112 s="                                                                         " fg=1 bg=0 -> 0
TENANT-GATE ax=0x0033 win=1 x=1 y=128 s="5   " fg=0 bg=3 -> 0
TENANT-GATE ax=0x0033 win=1 x=33 y=128 s="                                                                         " fg=1 bg=0 -> 0
TENANT-GATE ax=0x0033 win=1 x=1 y=144 s="6   " fg=0 bg=3 -> 0
TENANT-GATE ax=0x0033 win=1 x=33 y=144 s="                                                                         " fg=1 bg=0 -> 0
TENANT-GATE ax=0x0033 win=1 x=1 y=160 s="7   " fg=0 bg=3 -> 0
TENANT-GATE ax=0x0033 win=1 x=33 y=160 s="                                                                         " fg=1 bg=0 -> 0
TENANT-GATE ax=0x0033 win=1 x=1 y=176 s="8   " fg=0 bg=3 -> 0
TENANT-GATE ax=0x0033 win=1 x=33 y=176 s="                                                                         " fg=1 bg=0 -> 0
TENANT-GATE ax=0x0033 win=1 x=1 y=192 s="9   " fg=0 bg=3 -> 0
TENANT-GATE ax=0x0033 win=1 x=33 y=192 s="                                                                         " fg=1 bg=0 -> 0
TENANT-GATE ax=0x0033 win=1 x=1 y=208 s="10  " fg=0 bg=3 -> 0
TENANT-GATE ax=0x0033 win=1 x=33 y=208 s="                                                                         " fg=1 bg=0 -> 0
TENANT-GATE ax=0x0033 win=1 x=1 y=224 s="11  " fg=0 bg=3 -> 0
TENANT-GATE ax=0x0033 win=1 x=33 y=224 s="                                                                         " fg=1 bg=0 -> 0
TENANT-GATE ax=0x0033 win=1 x=1 y=240 s="12  " fg=0 bg=3 -> 0
TENANT-GATE ax=0x0033 win=1 x=33 y=240 s="                                                                         " fg=1 bg=0 -> 0
TENANT-GATE ax=0x0033 win=1 x=1 y=256 s="13  " fg=0 bg=3 -> 0
TENANT-GATE ax=0x0033 win=1 x=33 y=256 s="                                                                         " fg=1 bg=0 -> 0
TENANT-GATE ax=0x0033 win=1 x=1 y=272 s="14  " fg=0 bg=3 -> 0
TENANT-GATE ax=0x0033 win=1 x=33 y=272 s="                                                                         " fg=1 bg=0 -> 0
TENANT-GATE ax=0x0033 win=1 x=1 y=288 s="15  " fg=0 bg=3 -> 0
TENANT-GATE ax=0x0033 win=1 x=33 y=288 s="                                                                         " fg=1 bg=0 -> 0
TENANT-GATE ax=0x0033 win=1 x=1 y=304 s="16  " fg=0 bg=3 -> 0
TENANT-GATE ax=0x0033 win=1 x=33 y=304 s="                                                                         " fg=1 bg=0 -> 0
TENANT-GATE ax=0x0033 win=1 x=1 y=320 s="17  " fg=0 bg=3 -> 0
TENANT-GATE ax=0x0033 win=1 x=33 y=320 s="                                                                         " fg=1 bg=0 -> 0
TENANT-GATE ax=0x0033 win=1 x=1 y=336 s="18  " fg=0 bg=3 -> 0
TENANT-GATE ax=0x0033 win=1 x=33 y=336 s="                                                                         " fg=1 bg=0 -> 0
TENANT-GATE ax=0x0033 win=1 x=1 y=352 s="19  " fg=0 bg=3 -> 0
TENANT-GATE ax=0x0033 win=1 x=33 y=352 s="                                                                         " fg=1 bg=0 -> 0
TENANT-GATE ax=0x0033 win=1 x=33 y=64 s="         " fg=0 bg=3 -> 0
TENANT-GATE ax=0x0033 win=1 x=1 y=368 s="                                                                             " fg=1 bg=0 -> 0
FLAIR-DISPATCH app=123
FLAIR-EVT what=3 where=211,124 msg=00002348
TENANT-EVT what=3
TENANT-GATE ax=0x0033 win=1 x=1 y=0 s="A1:                                                                     " fg=1 bg=0 -> 0
TENANT-GATE ax=0x0033 win=1 x=577 y=0 s="LABEL" fg=0 bg=3 -> 0
TENANT-GATE ax=0x0033 win=1 x=1 y=16 s="H_                                                                           " fg=1 bg=0 -> 0
FLAIR-EVT what=4 where=211,124 msg=00002348
FLAIR-EVT what=3 where=211,124 msg=00001265
TENANT-EVT what=3
TENANT-GATE ax=0x0033 win=1 x=1 y=16 s="He_                                                                          " fg=1 bg=0 -> 0
FLAIR-EVT what=4 where=211,124 msg=00001265
FLAIR-EVT what=3 where=211,124 msg=0000266C
TENANT-EVT what=3
TENANT-GATE ax=0x0033 win=1 x=1 y=16 s="Hel_                                                                         " fg=1 bg=0 -> 0
FLAIR-EVT what=4 where=211,124 msg=0000266C
FLAIR-EVT what=3 where=211,124 msg=0000266C
TENANT-EVT what=3
TENANT-GATE ax=0x0033 win=1 x=1 y=16 s="Hell_                                                                        " fg=1 bg=0 -> 0
FLAIR-EVT what=4 where=211,124 msg=0000266C
FLAIR-EVT what=3 where=211,124 msg=0000186F
TENANT-EVT what=3
TENANT-GATE ax=0x0033 win=1 x=1 y=16 s="Hello_                                                                       " fg=1 bg=0 -> 0
FLAIR-EVT what=4 where=211,124 msg=0000186F
FLAIR-EVT what=3 where=211,124 msg=00001C0A
TENANT-EVT what=3
TENANT-GATE ax=0x0033 win=1 x=1 y=64 s="1   " fg=0 bg=3 -> 0
TENANT-GATE ax=0x0033 win=1 x=33 y=64 s="Hello                                                                    " fg=1 bg=0 -> 0
TENANT-GATE ax=0x0033 win=1 x=33 y=64 s="Hello    " fg=0 bg=3 -> 0
TENANT-GATE ax=0x0033 win=1 x=1 y=0 s="A1: 'Hello                                                              " fg=1 bg=0 -> 0
TENANT-GATE ax=0x0033 win=1 x=577 y=0 s="READY" fg=0 bg=3 -> 0
TENANT-GATE ax=0x0033 win=1 x=1 y=16 s="                                                                             " fg=1 bg=0 -> 0
FLAIR-EVT what=4 where=211,124 msg=00001C0A
FLAIR-EVT what=3 where=211,124 msg=00004D00
TENANT-EVT what=3
TENANT-GATE ax=0x0033 win=1 x=1 y=64 s="1   " fg=0 bg=3 -> 0
TENANT-GATE ax=0x0033 win=1 x=33 y=64 s="Hello                                                                    " fg=1 bg=0 -> 0
TENANT-GATE ax=0x0033 win=1 x=105 y=64 s="         " fg=0 bg=3 -> 0
TENANT-GATE ax=0x0033 win=1 x=1 y=0 s="B1:                                                                     " fg=1 bg=0 -> 0
TENANT-GATE ax=0x0033 win=1 x=577 y=0 s="READY" fg=0 bg=3 -> 0
FLAIR-EVT what=4 where=211,124 msg=00004D00
FLAIR-EVT what=3 where=211,124 msg=00000231
TENANT-EVT what=3
TENANT-GATE ax=0x0033 win=1 x=1 y=0 s="B1:                                                                     " fg=1 bg=0 -> 0
TENANT-GATE ax=0x0033 win=1 x=577 y=0 s="VALUE" fg=0 bg=3 -> 0
TENANT-GATE ax=0x0033 win=1 x=1 y=16 s="1_                                                                           " fg=1 bg=0 -> 0
FLAIR-EVT what=4 where=211,124 msg=00000231
FLAIR-EVT what=3 where=211,124 msg=00000332
TENANT-EVT what=3
TENANT-GATE ax=0x0033 win=1 x=1 y=16 s="12_                                                                          " fg=1 bg=0 -> 0
FLAIR-EVT what=4 where=211,124 msg=00000332
FLAIR-EVT what=3 where=211,124 msg=00000433
TENANT-EVT what=3
TENANT-GATE ax=0x0033 win=1 x=1 y=16 s="123_                                                                         " fg=1 bg=0 -> 0
FLAIR-EVT what=4 where=211,124 msg=00000433
FLAIR-EVT what=3 where=211,124 msg=00001C0A
TENANT-EVT what=3
TENANT-GATE ax=0x0033 win=1 x=1 y=64 s="1   " fg=0 bg=3 -> 0
TENANT-GATE ax=0x0033 win=1 x=33 y=64 s="Hello         123                                                        " fg=1 bg=0 -> 0
TENANT-GATE ax=0x0033 win=1 x=105 y=64 s="     123 " fg=0 bg=3 -> 0
TENANT-GATE ax=0x0033 win=1 x=1 y=0 s="B1: 123                                                                 " fg=1 bg=0 -> 0
TENANT-GATE ax=0x0033 win=1 x=577 y=0 s="READY" fg=0 bg=3 -> 0
TENANT-GATE ax=0x0033 win=1 x=1 y=16 s="                                                                             " fg=1 bg=0 -> 0
FLAIR-EVT what=4 where=211,124 msg=00001C0A
FLAIR-EVT what=3 where=211,124 msg=00004D00
TENANT-EVT what=3
TENANT-GATE ax=0x0033 win=1 x=1 y=64 s="1   " fg=0 bg=3 -> 0
TENANT-GATE ax=0x0033 win=1 x=33 y=64 s="Hello         123                                                        " fg=1 bg=0 -> 0
TENANT-GATE ax=0x0033 win=1 x=177 y=64 s="         " fg=0 bg=3 -> 0
TENANT-GATE ax=0x0033 win=1 x=1 y=0 s="C1:                                                                     " fg=1 bg=0 -> 0
TENANT-GATE ax=0x0033 win=1 x=577 y=0 s="READY" fg=0 bg=3 -> 0
FLAIR-EVT what=4 where=211,124 msg=00004D00
FLAIR-EVT what=3 where=211,124 msg=00000231
TENANT-EVT what=3
TENANT-GATE ax=0x0033 win=1 x=1 y=0 s="C1:                                                                     " fg=1 bg=0 -> 0
TENANT-GATE ax=0x0033 win=1 x=577 y=0 s="VALUE" fg=0 bg=3 -> 0
TENANT-GATE ax=0x0033 win=1 x=1 y=16 s="1_                                                                           " fg=1 bg=0 -> 0
FLAIR-EVT what=4 where=211,124 msg=00000231
FLAIR-EVT what=3 where=211,124 msg=0000342E
TENANT-EVT what=3
TENANT-GATE ax=0x0033 win=1 x=1 y=16 s="1._                                                                          " fg=1 bg=0 -> 0
FLAIR-EVT what=4 where=211,124 msg=0000342E
FLAIR-EVT what=3 where=211,124 msg=00000635
TENANT-EVT what=3
TENANT-GATE ax=0x0033 win=1 x=1 y=16 s="1.5_                                                                         " fg=1 bg=0 -> 0
FLAIR-EVT what=4 where=211,124 msg=00000635
FLAIR-EVT what=3 where=211,124 msg=00001C0A
TENANT-EVT what=3
TENANT-GATE ax=0x0033 win=1 x=1 y=64 s="1   " fg=0 bg=3 -> 0
TENANT-GATE ax=0x0033 win=1 x=33 y=64 s="Hello         123      1.5                                               " fg=1 bg=0 -> 0
TENANT-GATE ax=0x0033 win=1 x=177 y=64 s="     1.5 " fg=0 bg=3 -> 0
TENANT-GATE ax=0x0033 win=1 x=1 y=0 s="C1: 1.5                                                                 " fg=1 bg=0 -> 0
TENANT-GATE ax=0x0033 win=1 x=577 y=0 s="READY" fg=0 bg=3 -> 0
TENANT-GATE ax=0x0033 win=1 x=1 y=16 s="                                                                             " fg=1 bg=0 -> 0
FLAIR-EVT what=4 where=211,124 msg=00001C0A
FLAIR-EVT what=3 where=211,124 msg=00004D00
TENANT-EVT what=3
TENANT-GATE ax=0x0033 win=1 x=1 y=64 s="1   " fg=0 bg=3 -> 0
TENANT-GATE ax=0x0033 win=1 x=33 y=64 s="Hello         123      1.5                                               " fg=1 bg=0 -> 0
TENANT-GATE ax=0x0033 win=1 x=249 y=64 s="         " fg=0 bg=3 -> 0
TENANT-GATE ax=0x0033 win=1 x=1 y=0 s="D1:                                                                     " fg=1 bg=0 -> 0
TENANT-GATE ax=0x0033 win=1 x=577 y=0 s="READY" fg=0 bg=3 -> 0
FLAIR-EVT what=4 where=211,124 msg=00004D00
FLAIR-EVT what=3 where=211,124 msg=00000C2D
TENANT-EVT what=3
TENANT-GATE ax=0x0033 win=1 x=1 y=0 s="D1:                                                                     " fg=1 bg=0 -> 0
TENANT-GATE ax=0x0033 win=1 x=577 y=0 s="VALUE" fg=0 bg=3 -> 0
TENANT-GATE ax=0x0033 win=1 x=1 y=16 s="-_                                                                           " fg=1 bg=0 -> 0
FLAIR-EVT what=4 where=211,124 msg=00000C2D
FLAIR-EVT what=3 where=211,124 msg=00000837
TENANT-EVT what=3
TENANT-GATE ax=0x0033 win=1 x=1 y=16 s="-7_                                                                          " fg=1 bg=0 -> 0
FLAIR-EVT what=4 where=211,124 msg=00000837
FLAIR-EVT what=3 where=211,124 msg=00001C0A
TENANT-EVT what=3
TENANT-GATE ax=0x0033 win=1 x=1 y=64 s="1   " fg=0 bg=3 -> 0
TENANT-GATE ax=0x0033 win=1 x=33 y=64 s="Hello         123      1.5       -7                                      " fg=1 bg=0 -> 0
TENANT-GATE ax=0x0033 win=1 x=249 y=64 s="      -7 " fg=0 bg=3 -> 0
TENANT-GATE ax=0x0033 win=1 x=1 y=0 s="D1: -7                                                                  " fg=1 bg=0 -> 0
TENANT-GATE ax=0x0033 win=1 x=577 y=0 s="READY" fg=0 bg=3 -> 0
TENANT-GATE ax=0x0033 win=1 x=1 y=16 s="                                                                             " fg=1 bg=0 -> 0
FLAIR-EVT what=4 where=211,124 msg=00001C0A
FLAIR-EVT what=3 where=211,124 msg=00005000
TENANT-EVT what=3
TENANT-GATE ax=0x0033 win=1 x=1 y=64 s="1   " fg=0 bg=3 -> 0
TENANT-GATE ax=0x0033 win=1 x=33 y=64 s="Hello         123      1.5       -7                                      " fg=1 bg=0 -> 0
TENANT-GATE ax=0x0033 win=1 x=249 y=80 s="         " fg=0 bg=3 -> 0
TENANT-GATE ax=0x0033 win=1 x=1 y=0 s="D2:                                                                     " fg=1 bg=0 -> 0
TENANT-GATE ax=0x0033 win=1 x=577 y=0 s="READY" fg=0 bg=3 -> 0
FLAIR-EVT what=4 where=211,124 msg=00005000
FLAIR-EVT what=3 where=211,124 msg=00004700
TENANT-EVT what=3
TENANT-GATE ax=0x0033 win=1 x=1 y=80 s="2   " fg=0 bg=3 -> 0
TENANT-GATE ax=0x0033 win=1 x=33 y=80 s="                                                                         " fg=1 bg=0 -> 0
TENANT-GATE ax=0x0033 win=1 x=33 y=64 s="Hello    " fg=0 bg=3 -> 0
TENANT-GATE ax=0x0033 win=1 x=1 y=0 s="A1: 'Hello                                                              " fg=1 bg=0 -> 0
TENANT-GATE ax=0x0033 win=1 x=577 y=0 s="READY" fg=0 bg=3 -> 0
FLAIR-EVT what=4 where=211,124 msg=00004700
FLAIR-EVT what=3 where=211,124 msg=00005000
TENANT-EVT what=3
TENANT-GATE ax=0x0033 win=1 x=1 y=64 s="1   " fg=0 bg=3 -> 0
TENANT-GATE ax=0x0033 win=1 x=33 y=64 s="Hello         123      1.5       -7                                      " fg=1 bg=0 -> 0
TENANT-GATE ax=0x0033 win=1 x=33 y=80 s="         " fg=0 bg=3 -> 0
TENANT-GATE ax=0x0033 win=1 x=1 y=0 s="A2:                                                                     " fg=1 bg=0 -> 0
TENANT-GATE ax=0x0033 win=1 x=577 y=0 s="READY" fg=0 bg=3 -> 0
FLAIR-EVT what=4 where=211,124 msg=00005000
FLAIR-EVT what=3 where=211,124 msg=00000D2B
TENANT-EVT what=3
TENANT-GATE ax=0x0033 win=1 x=1 y=0 s="A2:                                                                     " fg=1 bg=0 -> 0
TENANT-GATE ax=0x0033 win=1 x=577 y=0 s="VALUE" fg=0 bg=3 -> 0
TENANT-GATE ax=0x0033 win=1 x=1 y=16 s="+_                                                                           " fg=1 bg=0 -> 0
FLAIR-EVT what=4 where=211,124 msg=00000D2B
FLAIR-EVT what=3 where=211,124 msg=00003042
TENANT-EVT what=3
TENANT-GATE ax=0x0033 win=1 x=1 y=16 s="+B_                                                                          " fg=1 bg=0 -> 0
FLAIR-EVT what=4 where=211,124 msg=00003042
FLAIR-EVT what=3 where=211,124 msg=00000231
TENANT-EVT what=3
TENANT-GATE ax=0x0033 win=1 x=1 y=16 s="+B1_                                                                         " fg=1 bg=0 -> 0
FLAIR-EVT what=4 where=211,124 msg=00000231
FLAIR-EVT what=3 where=211,124 msg=0000092A
TENANT-EVT what=3
TENANT-GATE ax=0x0033 win=1 x=1 y=16 s="+B1*_                                                                        " fg=1 bg=0 -> 0
FLAIR-EVT what=4 where=211,124 msg=0000092A
FLAIR-EVT what=3 where=211,124 msg=00000332
TENANT-EVT what=3
TENANT-GATE ax=0x0033 win=1 x=1 y=16 s="+B1*2_                                                                       " fg=1 bg=0 -> 0
FLAIR-EVT what=4 where=211,124 msg=00000332
FLAIR-EVT what=3 where=211,124 msg=00001C0A
TENANT-EVT what=3
TENANT-GATE ax=0x0033 win=1 x=1 y=0 s="A2:                                                                     " fg=1 bg=0 -> 0
TENANT-GATE ax=0x0033 win=1 x=577 y=0 s=" EDIT" fg=0 bg=3 -> 0
TENANT-GATE ax=0x0033 win=1 x=1 y=16 s="+B1*2_                                                                       " fg=1 bg=0 -> 0
FLAIR-EVT what=4 where=211,124 msg=00001C0A
FLAIR-EVT what=3 where=211,124 msg=00000100
TENANT-EVT what=3
TENANT-GATE ax=0x0033 win=1 x=1 y=0 s="A2:                                                                     " fg=1 bg=0 -> 0
TENANT-GATE ax=0x0033 win=1 x=577 y=0 s="READY" fg=0 bg=3 -> 0
TENANT-GATE ax=0x0033 win=1 x=1 y=16 s="                                                                             " fg=1 bg=0 -> 0
FLAIR-EVT what=4 where=211,124 msg=00000100
FLAIR-EVT what=3 where=211,124 msg=00003B00
TENANT-EVT what=3
FLAIR-EVT what=4 where=211,124 msg=00003B00
FLAIR-EVT what=3 where=211,124 msg=0000352F
TENANT-EVT what=3
FLAIR-EVT what=4 where=211,124 msg=0000352F
FLAIR-EVT what=3 where=211,124 msg=00002166
TENANT-EVT what=3
TENANT-GATE ax=0x0033 win=1 x=1 y=0 s="A2:                                                                     " fg=1 bg=0 -> 0
TENANT-GATE ax=0x0033 win=1 x=577 y=0 s="LABEL" fg=0 bg=3 -> 0
TENANT-GATE ax=0x0033 win=1 x=1 y=16 s="f_                                                                           " fg=1 bg=0 -> 0
FLAIR-EVT what=4 where=211,124 msg=00002166
FLAIR-EVT what=3 where=211,124 msg=00001F73
TENANT-EVT what=3
TENANT-GATE ax=0x0033 win=1 x=1 y=16 s="fs_                                                                          " fg=1 bg=0 -> 0
FLAIR-EVT what=4 where=211,124 msg=00001F73
FLAIR-EVT what=3 where=211,124 msg=00000100
TENANT-EVT what=3
TENANT-GATE ax=0x0033 win=1 x=1 y=0 s="A2:                                                                     " fg=1 bg=0 -> 0
TENANT-GATE ax=0x0033 win=1 x=577 y=0 s="READY" fg=0 bg=3 -> 0
TENANT-GATE ax=0x0033 win=1 x=1 y=16 s="                                                                             " fg=1 bg=0 -> 0
FLAIR-EVT what=4 where=211,124 msg=00000100
FLAIR-EVT what=3 where=211,124 msg=00003F00
TENANT-EVT what=3
FLAIR-EVT what=4 where=211,124 msg=00003F00
FLAIR-EVT what=3 where=211,124 msg=00002C5A
TENANT-EVT what=3
TENANT-GATE ax=0x0033 win=1 x=1 y=0 s="A2:                                                                     " fg=1 bg=0 -> 0
TENANT-GATE ax=0x0033 win=1 x=577 y=0 s="LABEL" fg=0 bg=3 -> 0
TENANT-GATE ax=0x0033 win=1 x=1 y=16 s="Z_                                                                           " fg=1 bg=0 -> 0
FLAIR-EVT what=4 where=211,124 msg=00002C5A
FLAIR-EVT what=3 where=211,124 msg=00000231
TENANT-EVT what=3
TENANT-GATE ax=0x0033 win=1 x=1 y=16 s="Z1_                                                                          " fg=1 bg=0 -> 0
FLAIR-EVT what=4 where=211,124 msg=00000231
FLAIR-EVT what=3 where=211,124 msg=00000B30
TENANT-EVT what=3
TENANT-GATE ax=0x0033 win=1 x=1 y=16 s="Z10_                                                                         " fg=1 bg=0 -> 0
FLAIR-EVT what=4 where=211,124 msg=00000B30
FLAIR-EVT what=3 where=211,124 msg=00000B30
TENANT-EVT what=3
TENANT-GATE ax=0x0033 win=1 x=1 y=16 s="Z100_                                                                        " fg=1 bg=0 -> 0
FLAIR-EVT what=4 where=211,124 msg=00000B30
FLAIR-EVT what=3 where=211,124 msg=00000100
TENANT-EVT what=3
TENANT-GATE ax=0x0033 win=1 x=1 y=0 s="A2:                                                                     " fg=1 bg=0 -> 0
TENANT-GATE ax=0x0033 win=1 x=577 y=0 s="READY" fg=0 bg=3 -> 0
TENANT-GATE ax=0x0033 win=1 x=1 y=16 s="                                                                             " fg=1 bg=0 -> 0
FLAIR-EVT what=4 where=211,124 msg=00000100
FLAIR-EVT what=3 where=211,124 msg=00004700
TENANT-EVT what=3
TENANT-GATE ax=0x0033 win=1 x=1 y=80 s="2   " fg=0 bg=3 -> 0
TENANT-GATE ax=0x0033 win=1 x=33 y=80 s="                                                                         " fg=1 bg=0 -> 0
TENANT-GATE ax=0x0033 win=1 x=33 y=64 s="Hello    " fg=0 bg=3 -> 0
TENANT-GATE ax=0x0033 win=1 x=1 y=0 s="A1: 'Hello                                                              " fg=1 bg=0 -> 0
TENANT-GATE ax=0x0033 win=1 x=577 y=0 s="READY" fg=0 bg=3 -> 0
FLAIR-EVT what=4 where=211,124 msg=00004700
FLAIR-EVT what=3 where=211,124 msg=00003C00
TENANT-EVT what=3
FLAIR-EVT what=4 where=211,124 msg=00003C00
FLAIR-EVT what=3 where=211,124 msg=00000100
TENANT-EVT what=3
FLAIR-EVT what=4 where=211,124 msg=00000100
FLAIR-EVT what=3 where=211,124 msg=00005100
TENANT-EVT what=3
FLAIR-EVT what=4 where=211,124 msg=00005100
FLAIR-CURSOR x=0 y=0
FLAIR-CURSOR x=144 y=72
FLAIR-CURSOR x=288 y=144
FLAIR-CURSOR x=360 y=180
FLAIR-EVT what=1 where=360,180 msg=00000000
TENANT-EVT what=1
FLAIR-EVT what=2 where=360,180 msg=00000000
FLAIR-EVT what=3 where=360,180 msg=00004700
TENANT-EVT what=3
TENANT-GATE ax=0x0033 win=1 x=1 y=64 s="1   " fg=0 bg=3 -> 0
TENANT-GATE ax=0x0033 win=1 x=33 y=64 s="Hello         123      1.5       -7                                      " fg=1 bg=0 -> 0
TENANT-GATE ax=0x0033 win=1 x=33 y=64 s="Hello    " fg=0 bg=3 -> 0
TENANT-GATE ax=0x0033 win=1 x=1 y=0 s="A1: 'Hello                                                              " fg=1 bg=0 -> 0
TENANT-GATE ax=0x0033 win=1 x=577 y=0 s="READY" fg=0 bg=3 -> 0
FLAIR-EVT what=4 where=360,180 msg=00004700
FLAIR-EVT what=3 where=360,180 msg=00005300
TENANT-EVT what=3
FLAIR-EVT what=4 where=360,180 msg=00005300
FLAIR-CURSOR x=200 y=60
FLAIR-CURSOR x=40 y=0
FLAIR-CURSOR x=0 y=0
FLAIR-CURSOR x=79 y=59
FLAIR-CURSOR x=237 y=177
FLAIR-CURSOR x=473 y=353
FLAIR-CURSOR x=631 y=471
FLAIR-EVT what=1 where=631,471 msg=00000000
FLAIR-CURSOR x=556 y=421
FLAIR-CURSOR x=406 y=321
FLAIR-CURSOR x=331 y=271
FLAIR-EVT what=2 where=331,271 msg=00000000
TENANT-EVT what=6
TENANT-GATE ax=0x0031 win=1 l=0 t=0 r=640 b=480 c=0 -> 0
TENANT-GATE ax=0x0033 win=1 x=1 y=0 s="A1: 'Hello                                                              " fg=1 bg=0 -> 0
TENANT-GATE ax=0x0033 win=1 x=577 y=0 s="READY" fg=0 bg=3 -> 0
TENANT-GATE ax=0x0033 win=1 x=1 y=16 s="                                                                             " fg=1 bg=0 -> 0
TENANT-GATE ax=0x0033 win=1 x=1 y=32 s="                                                                             " fg=1 bg=0 -> 0
TENANT-GATE ax=0x0033 win=1 x=1 y=48 s="        A        B        C        D        E        F        G        H     " fg=0 bg=3 -> 0
TENANT-GATE ax=0x0033 win=1 x=1 y=64 s="1   " fg=0 bg=3 -> 0
TENANT-GATE ax=0x0033 win=1 x=33 y=64 s="Hello         123      1.5       -7                                      " fg=1 bg=0 -> 0
TENANT-GATE ax=0x0033 win=1 x=1 y=80 s="2   " fg=0 bg=3 -> 0
TENANT-GATE ax=0x0033 win=1 x=33 y=80 s="                                                                         " fg=1 bg=0 -> 0
TENANT-GATE ax=0x0033 win=1 x=1 y=96 s="3   " fg=0 bg=3 -> 0
TENANT-GATE ax=0x0033 win=1 x=33 y=96 s="                                                                         " fg=1 bg=0 -> 0
TENANT-GATE ax=0x0033 win=1 x=1 y=112 s="4   " fg=0 bg=3 -> 0
TENANT-GATE ax=0x0033 win=1 x=33 y=112 s="                                                                         " fg=1 bg=0 -> 0
TENANT-GATE ax=0x0033 win=1 x=1 y=128 s="5   " fg=0 bg=3 -> 0
TENANT-GATE ax=0x0033 win=1 x=33 y=128 s="                                                                         " fg=1 bg=0 -> 0
TENANT-GATE ax=0x0033 win=1 x=1 y=144 s="6   " fg=0 bg=3 -> 0
TENANT-GATE ax=0x0033 win=1 x=33 y=144 s="                                                                         " fg=1 bg=0 -> 0
TENANT-GATE ax=0x0033 win=1 x=1 y=160 s="7   " fg=0 bg=3 -> 0
TENANT-GATE ax=0x0033 win=1 x=33 y=160 s="                                                                         " fg=1 bg=0 -> 0
TENANT-GATE ax=0x0033 win=1 x=1 y=176 s="8   " fg=0 bg=3 -> 0
TENANT-GATE ax=0x0033 win=1 x=33 y=176 s="                                                                         " fg=1 bg=0 -> 0
TENANT-GATE ax=0x0033 win=1 x=1 y=192 s="9   " fg=0 bg=3 -> 0
TENANT-GATE ax=0x0033 win=1 x=33 y=192 s="                                                                         " fg=1 bg=0 -> 0
TENANT-GATE ax=0x0033 win=1 x=1 y=208 s="10  " fg=0 bg=3 -> 0
TENANT-GATE ax=0x0033 win=1 x=33 y=208 s="                                                                         " fg=1 bg=0 -> 0
TENANT-GATE ax=0x0033 win=1 x=1 y=224 s="11  " fg=0 bg=3 -> 0
TENANT-GATE ax=0x0033 win=1 x=33 y=224 s="                                                                         " fg=1 bg=0 -> 0
TENANT-GATE ax=0x0033 win=1 x=1 y=240 s="12  " fg=0 bg=3 -> 0
TENANT-GATE ax=0x0033 win=1 x=33 y=240 s="                                                                         " fg=1 bg=0 -> 0
TENANT-GATE ax=0x0033 win=1 x=1 y=256 s="13  " fg=0 bg=3 -> 0
TENANT-GATE ax=0x0033 win=1 x=33 y=256 s="                                                                         " fg=1 bg=0 -> 0
TENANT-GATE ax=0x0033 win=1 x=1 y=272 s="14  " fg=0 bg=3 -> 0
TENANT-GATE ax=0x0033 win=1 x=33 y=272 s="                                                                         " fg=1 bg=0 -> 0
TENANT-GATE ax=0x0033 win=1 x=1 y=288 s="15  " fg=0 bg=3 -> 0
TENANT-GATE ax=0x0033 win=1 x=33 y=288 s="                                                                         " fg=1 bg=0 -> 0
TENANT-GATE ax=0x0033 win=1 x=1 y=304 s="16  " fg=0 bg=3 -> 0
TENANT-GATE ax=0x0033 win=1 x=33 y=304 s="                                                                         " fg=1 bg=0 -> 0
TENANT-GATE ax=0x0033 win=1 x=1 y=320 s="17  " fg=0 bg=3 -> 0
TENANT-GATE ax=0x0033 win=1 x=33 y=320 s="                                                                         " fg=1 bg=0 -> 0
TENANT-GATE ax=0x0033 win=1 x=1 y=336 s="18  " fg=0 bg=3 -> 0
TENANT-GATE ax=0x0033 win=1 x=33 y=336 s="                                                                         " fg=1 bg=0 -> 0
TENANT-GATE ax=0x0033 win=1 x=1 y=352 s="19  " fg=0 bg=3 -> 0
TENANT-GATE ax=0x0033 win=1 x=33 y=352 s="                                                                         " fg=1 bg=0 -> 0
TENANT-GATE ax=0x0033 win=1 x=33 y=64 s="Hello    " fg=0 bg=3 -> 0
TENANT-GATE ax=0x0033 win=1 x=1 y=368 s="                                                                             " fg=1 bg=0 -> 0
FLAIR-GROW win 0 (640,440)->(340,240)
FLAIR-EVT what=3 where=331,271 msg=00004D00
TENANT-EVT what=3
TENANT-GATE ax=0x0033 win=1 x=1 y=64 s="1   " fg=0 bg=3 -> 0
TENANT-GATE ax=0x0033 win=1 x=33 y=64 s="Hello         123      1.5       -7                                      " fg=1 bg=0 -> 0
TENANT-GATE ax=0x0033 win=1 x=105 y=64 s="     123 " fg=0 bg=3 -> 0
TENANT-GATE ax=0x0033 win=1 x=1 y=0 s="B1: 123                                                                 " fg=1 bg=0 -> 0
TENANT-GATE ax=0x0033 win=1 x=577 y=0 s="READY" fg=0 bg=3 -> 0
FLAIR-EVT what=4 where=331,271 msg=00004D00
FLAIR-CURSOR x=171 y=151
FLAIR-CURSOR x=11 y=31
FLAIR-CURSOR x=0 y=0
FLAIR-CURSOR x=78 y=12
FLAIR-CURSOR x=235 y=38
FLAIR-CURSOR x=313 y=50
FLAIR-EVT what=1 where=313,50 msg=00000000
FLAIR-EVT what=2 where=313,50 msg=00000000
FLAIR-TRACKBOX win 0 part 7 in=1
TENANT-EVT what=6
TENANT-GATE ax=0x0031 win=1 l=0 t=0 r=640 b=480 c=0 -> 0
TENANT-GATE ax=0x0033 win=1 x=1 y=0 s="B1: 123                                                                 " fg=1 bg=0 -> 0
TENANT-GATE ax=0x0033 win=1 x=577 y=0 s="READY" fg=0 bg=3 -> 0
TENANT-GATE ax=0x0033 win=1 x=1 y=16 s="                                                                             " fg=1 bg=0 -> 0
TENANT-GATE ax=0x0033 win=1 x=1 y=32 s="                                                                             " fg=1 bg=0 -> 0
TENANT-GATE ax=0x0033 win=1 x=1 y=48 s="        A        B        C        D        E        F        G        H     " fg=0 bg=3 -> 0
TENANT-GATE ax=0x0033 win=1 x=1 y=64 s="1   " fg=0 bg=3 -> 0
TENANT-GATE ax=0x0033 win=1 x=33 y=64 s="Hello         123      1.5       -7                                      " fg=1 bg=0 -> 0
TENANT-GATE ax=0x0033 win=1 x=1 y=80 s="2   " fg=0 bg=3 -> 0
TENANT-GATE ax=0x0033 win=1 x=33 y=80 s="                                                                         " fg=1 bg=0 -> 0
TENANT-GATE ax=0x0033 win=1 x=1 y=96 s="3   " fg=0 bg=3 -> 0
TENANT-GATE ax=0x0033 win=1 x=33 y=96 s="                                                                         " fg=1 bg=0 -> 0
TENANT-GATE ax=0x0033 win=1 x=1 y=112 s="4   " fg=0 bg=3 -> 0
TENANT-GATE ax=0x0033 win=1 x=33 y=112 s="                                                                         " fg=1 bg=0 -> 0
TENANT-GATE ax=0x0033 win=1 x=1 y=128 s="5   " fg=0 bg=3 -> 0
TENANT-GATE ax=0x0033 win=1 x=33 y=128 s="                                                                         " fg=1 bg=0 -> 0
TENANT-GATE ax=0x0033 win=1 x=1 y=144 s="6   " fg=0 bg=3 -> 0
TENANT-GATE ax=0x0033 win=1 x=33 y=144 s="                                                                         " fg=1 bg=0 -> 0
TENANT-GATE ax=0x0033 win=1 x=1 y=160 s="7   " fg=0 bg=3 -> 0
TENANT-GATE ax=0x0033 win=1 x=33 y=160 s="                                                                         " fg=1 bg=0 -> 0
TENANT-GATE ax=0x0033 win=1 x=1 y=176 s="8   " fg=0 bg=3 -> 0
TENANT-GATE ax=0x0033 win=1 x=33 y=176 s="                                                                         " fg=1 bg=0 -> 0
TENANT-GATE ax=0x0033 win=1 x=1 y=192 s="9   " fg=0 bg=3 -> 0
TENANT-GATE ax=0x0033 win=1 x=33 y=192 s="                                                                         " fg=1 bg=0 -> 0
TENANT-GATE ax=0x0033 win=1 x=1 y=208 s="10  " fg=0 bg=3 -> 0
TENANT-GATE ax=0x0033 win=1 x=33 y=208 s="                                                                         " fg=1 bg=0 -> 0
TENANT-GATE ax=0x0033 win=1 x=1 y=224 s="11  " fg=0 bg=3 -> 0
TENANT-GATE ax=0x0033 win=1 x=33 y=224 s="                                                                         " fg=1 bg=0 -> 0
TENANT-GATE ax=0x0033 win=1 x=1 y=240 s="12  " fg=0 bg=3 -> 0
TENANT-GATE ax=0x0033 win=1 x=33 y=240 s="                                                                         " fg=1 bg=0 -> 0
TENANT-GATE ax=0x0033 win=1 x=1 y=256 s="13  " fg=0 bg=3 -> 0
TENANT-GATE ax=0x0033 win=1 x=33 y=256 s="                                                                         " fg=1 bg=0 -> 0
TENANT-GATE ax=0x0033 win=1 x=1 y=272 s="14  " fg=0 bg=3 -> 0
TENANT-GATE ax=0x0033 win=1 x=33 y=272 s="                                                                         " fg=1 bg=0 -> 0
TENANT-GATE ax=0x0033 win=1 x=1 y=288 s="15  " fg=0 bg=3 -> 0
TENANT-GATE ax=0x0033 win=1 x=33 y=288 s="                                                                         " fg=1 bg=0 -> 0
TENANT-GATE ax=0x0033 win=1 x=1 y=304 s="16  " fg=0 bg=3 -> 0
TENANT-GATE ax=0x0033 win=1 x=33 y=304 s="                                                                         " fg=1 bg=0 -> 0
TENANT-GATE ax=0x0033 win=1 x=1 y=320 s="17  " fg=0 bg=3 -> 0
TENANT-GATE ax=0x0033 win=1 x=33 y=320 s="                                                                         " fg=1 bg=0 -> 0
TENANT-GATE ax=0x0033 win=1 x=1 y=336 s="18  " fg=0 bg=3 -> 0
TENANT-GATE ax=0x0033 win=1 x=33 y=336 s="                                                                         " fg=1 bg=0 -> 0
TENANT-GATE ax=0x0033 win=1 x=1 y=352 s="19  " fg=0 bg=3 -> 0
TENANT-GATE ax=0x0033 win=1 x=33 y=352 s="                                                                         " fg=1 bg=0 -> 0
TENANT-GATE ax=0x0033 win=1 x=105 y=64 s="     123 " fg=0 bg=3 -> 0
TENANT-GATE ax=0x0033 win=1 x=1 y=368 s="                                                                             " fg=1 bg=0 -> 0
FLAIR-ZOOM win 0 in
FLAIR-CURSOR x=233 y=0
FLAIR-CURSOR x=73 y=0
FLAIR-CURSOR x=0 y=0
FLAIR-CURSOR x=157 y=118
FLAIR-CURSOR x=314 y=235
FLAIR-CURSOR x=470 y=352
FLAIR-CURSOR x=627 y=470
FLAIR-EVT what=1 where=627,470 msg=00000000
FLAIR-CURSOR x=555 y=422
FLAIR-CURSOR x=411 y=324
FLAIR-CURSOR x=339 y=276
FLAIR-EVT what=2 where=339,276 msg=00000000
TENANT-EVT what=6
TENANT-GATE ax=0x0031 win=1 l=0 t=0 r=640 b=480 c=0 -> 0
TENANT-GATE ax=0x0033 win=1 x=1 y=0 s="B1: 123                                                                 " fg=1 bg=0 -> 0
TENANT-GATE ax=0x0033 win=1 x=577 y=0 s="READY" fg=0 bg=3 -> 0
TENANT-GATE ax=0x0033 win=1 x=1 y=16 s="                                                                             " fg=1 bg=0 -> 0
TENANT-GATE ax=0x0033 win=1 x=1 y=32 s="                                                                             " fg=1 bg=0 -> 0
TENANT-GATE ax=0x0033 win=1 x=1 y=48 s="        A        B        C        D        E        F        G        H     " fg=0 bg=3 -> 0
TENANT-GATE ax=0x0033 win=1 x=1 y=64 s="1   " fg=0 bg=3 -> 0
TENANT-GATE ax=0x0033 win=1 x=33 y=64 s="Hello         123      1.5       -7                                      " fg=1 bg=0 -> 0
TENANT-GATE ax=0x0033 win=1 x=1 y=80 s="2   " fg=0 bg=3 -> 0
TENANT-GATE ax=0x0033 win=1 x=33 y=80 s="                                                                         " fg=1 bg=0 -> 0
TENANT-GATE ax=0x0033 win=1 x=1 y=96 s="3   " fg=0 bg=3 -> 0
TENANT-GATE ax=0x0033 win=1 x=33 y=96 s="                                                                         " fg=1 bg=0 -> 0
TENANT-GATE ax=0x0033 win=1 x=1 y=112 s="4   " fg=0 bg=3 -> 0
TENANT-GATE ax=0x0033 win=1 x=33 y=112 s="                                                                         " fg=1 bg=0 -> 0
TENANT-GATE ax=0x0033 win=1 x=1 y=128 s="5   " fg=0 bg=3 -> 0
TENANT-GATE ax=0x0033 win=1 x=33 y=128 s="                                                                         " fg=1 bg=0 -> 0
TENANT-GATE ax=0x0033 win=1 x=1 y=144 s="6   " fg=0 bg=3 -> 0
TENANT-GATE ax=0x0033 win=1 x=33 y=144 s="                                                                         " fg=1 bg=0 -> 0
TENANT-GATE ax=0x0033 win=1 x=1 y=160 s="7   " fg=0 bg=3 -> 0
TENANT-GATE ax=0x0033 win=1 x=33 y=160 s="                                                                         " fg=1 bg=0 -> 0
TENANT-GATE ax=0x0033 win=1 x=1 y=176 s="8   " fg=0 bg=3 -> 0
TENANT-GATE ax=0x0033 win=1 x=33 y=176 s="                                                                         " fg=1 bg=0 -> 0
TENANT-GATE ax=0x0033 win=1 x=1 y=192 s="9   " fg=0 bg=3 -> 0
TENANT-GATE ax=0x0033 win=1 x=33 y=192 s="                                                                         " fg=1 bg=0 -> 0
TENANT-GATE ax=0x0033 win=1 x=1 y=208 s="10  " fg=0 bg=3 -> 0
TENANT-GATE ax=0x0033 win=1 x=33 y=208 s="                                                                         " fg=1 bg=0 -> 0
TENANT-GATE ax=0x0033 win=1 x=1 y=224 s="11  " fg=0 bg=3 -> 0
TENANT-GATE ax=0x0033 win=1 x=33 y=224 s="                                                                         " fg=1 bg=0 -> 0
TENANT-GATE ax=0x0033 win=1 x=1 y=240 s="12  " fg=0 bg=3 -> 0
TENANT-GATE ax=0x0033 win=1 x=33 y=240 s="                                                                         " fg=1 bg=0 -> 0
TENANT-GATE ax=0x0033 win=1 x=1 y=256 s="13  " fg=0 bg=3 -> 0
TENANT-GATE ax=0x0033 win=1 x=33 y=256 s="                                                                         " fg=1 bg=0 -> 0
TENANT-GATE ax=0x0033 win=1 x=1 y=272 s="14  " fg=0 bg=3 -> 0
TENANT-GATE ax=0x0033 win=1 x=33 y=272 s="                                                                         " fg=1 bg=0 -> 0
TENANT-GATE ax=0x0033 win=1 x=1 y=288 s="15  " fg=0 bg=3 -> 0
TENANT-GATE ax=0x0033 win=1 x=33 y=288 s="                                                                         " fg=1 bg=0 -> 0
TENANT-GATE ax=0x0033 win=1 x=1 y=304 s="16  " fg=0 bg=3 -> 0
TENANT-GATE ax=0x0033 win=1 x=33 y=304 s="                                                                         " fg=1 bg=0 -> 0
TENANT-GATE ax=0x0033 win=1 x=1 y=320 s="17  " fg=0 bg=3 -> 0
TENANT-GATE ax=0x0033 win=1 x=33 y=320 s="                                                                         " fg=1 bg=0 -> 0
TENANT-GATE ax=0x0033 win=1 x=1 y=336 s="18  " fg=0 bg=3 -> 0
TENANT-GATE ax=0x0033 win=1 x=33 y=336 s="                                                                         " fg=1 bg=0 -> 0
TENANT-GATE ax=0x0033 win=1 x=1 y=352 s="19  " fg=0 bg=3 -> 0
TENANT-GATE ax=0x0033 win=1 x=33 y=352 s="                                                                         " fg=1 bg=0 -> 0
TENANT-GATE ax=0x0033 win=1 x=105 y=64 s="     123 " fg=0 bg=3 -> 0
TENANT-GATE ax=0x0033 win=1 x=1 y=368 s="                                                                             " fg=1 bg=0 -> 0
FLAIR-GROW win 0 (632,436)->(344,242)
FLAIR-EVT what=3 where=339,276 msg=00004D00
TENANT-EVT what=3
TENANT-GATE ax=0x0033 win=1 x=1 y=64 s="1   " fg=0 bg=3 -> 0
TENANT-GATE ax=0x0033 win=1 x=33 y=64 s="Hello         123      1.5       -7                                      " fg=1 bg=0 -> 0
TENANT-GATE ax=0x0033 win=1 x=177 y=64 s="     1.5 " fg=0 bg=3 -> 0
TENANT-GATE ax=0x0033 win=1 x=1 y=0 s="C1: 1.5                                                                 " fg=1 bg=0 -> 0
TENANT-GATE ax=0x0033 win=1 x=577 y=0 s="READY" fg=0 bg=3 -> 0
FLAIR-EVT what=4 where=339,276 msg=00004D00
FLAIR-EVT what=3 where=339,276 msg=00004D00
TENANT-EVT what=3
TENANT-GATE ax=0x0033 win=1 x=1 y=64 s="1   " fg=0 bg=3 -> 0
TENANT-GATE ax=0x0033 win=1 x=33 y=64 s="Hello         123      1.5       -7                                      " fg=1 bg=0 -> 0
TENANT-GATE ax=0x0033 win=1 x=249 y=64 s="      -7 " fg=0 bg=3 -> 0
TENANT-GATE ax=0x0033 win=1 x=1 y=0 s="D1: -7                                                                  " fg=1 bg=0 -> 0
TENANT-GATE ax=0x0033 win=1 x=577 y=0 s="READY" fg=0 bg=3 -> 0
FLAIR-EVT what=4 where=339,276 msg=00004D00
FLAIR-EVT what=3 where=339,276 msg=00004D00
TENANT-EVT what=3
TENANT-GATE ax=0x0033 win=1 x=1 y=64 s="1   " fg=0 bg=3 -> 0
TENANT-GATE ax=0x0033 win=1 x=33 y=64 s="Hello         123      1.5       -7                                      " fg=1 bg=0 -> 0
TENANT-GATE ax=0x0033 win=1 x=321 y=64 s="         " fg=0 bg=3 -> 0
TENANT-GATE ax=0x0033 win=1 x=1 y=0 s="E1:                                                                     " fg=1 bg=0 -> 0
TENANT-GATE ax=0x0033 win=1 x=577 y=0 s="READY" fg=0 bg=3 -> 0
FLAIR-EVT what=4 where=339,276 msg=00004D00
FLAIR-CURSOR x=179 y=156
FLAIR-CURSOR x=19 y=36
FLAIR-CURSOR x=0 y=0
FLAIR-CURSOR x=79 y=67
FLAIR-CURSOR x=236 y=200
FLAIR-CURSOR x=315 y=267
FLAIR-EVT what=1 where=315,267 msg=00000000
FLAIR-SCROLL-IGNORED win 0 h
FLAIR-EVT what=2 where=315,267 msg=00000000
FLAIR-EVT what=1 where=315,267 msg=00000000
FLAIR-SCROLL-IGNORED win 0 h
FLAIR-EVT what=2 where=315,267 msg=00000000
FLAIR-EVT what=1 where=315,267 msg=00000000
FLAIR-SCROLL-IGNORED win 0 h
FLAIR-EVT what=2 where=315,267 msg=00000000
FLAIR-CURSOR x=75 y=87
FLAIR-CURSOR x=0 y=0
FLAIR-CURSOR x=156 y=25
FLAIR-CURSOR x=313 y=50
FLAIR-EVT what=1 where=313,50 msg=00000000
FLAIR-EVT what=2 where=313,50 msg=00000000
FLAIR-DRAG win 0 (4,40)->(4,40)
FLAIR-EVT what=3 where=313,50 msg=00004700
TENANT-EVT what=3
TENANT-GATE ax=0x0033 win=1 x=1 y=64 s="1   " fg=0 bg=3 -> 0
TENANT-GATE ax=0x0033 win=1 x=33 y=64 s="Hello         123      1.5       -7                                      " fg=1 bg=0 -> 0
TENANT-GATE ax=0x0033 win=1 x=33 y=64 s="Hello    " fg=0 bg=3 -> 0
TENANT-GATE ax=0x0033 win=1 x=1 y=0 s="A1: 'Hello                                                              " fg=1 bg=0 -> 0
TENANT-GATE ax=0x0033 win=1 x=577 y=0 s="READY" fg=0 bg=3 -> 0
FLAIR-EVT what=4 where=313,50 msg=00004700
FLAIR-EVT what=3 where=313,50 msg=00005000
TENANT-EVT what=3
TENANT-GATE ax=0x0033 win=1 x=1 y=64 s="1   " fg=0 bg=3 -> 0
TENANT-GATE ax=0x0033 win=1 x=33 y=64 s="Hello         123      1.5       -7                                      " fg=1 bg=0 -> 0
TENANT-GATE ax=0x0033 win=1 x=33 y=80 s="         " fg=0 bg=3 -> 0
TENANT-GATE ax=0x0033 win=1 x=1 y=0 s="A2:                                                                     " fg=1 bg=0 -> 0
TENANT-GATE ax=0x0033 win=1 x=577 y=0 s="READY" fg=0 bg=3 -> 0
FLAIR-EVT what=4 where=313,50 msg=00005000
FLAIR-EVT what=3 where=313,50 msg=00000340
TENANT-EVT what=3
TENANT-GATE ax=0x0033 win=1 x=1 y=0 s="A2:                                                                     " fg=1 bg=0 -> 0
TENANT-GATE ax=0x0033 win=1 x=577 y=0 s="VALUE" fg=0 bg=3 -> 0
TENANT-GATE ax=0x0033 win=1 x=1 y=16 s="@_                                                                           " fg=1 bg=0 -> 0
FLAIR-EVT what=4 where=313,50 msg=00000340
FLAIR-EVT what=3 where=313,50 msg=00001F53
TENANT-EVT what=3
TENANT-GATE ax=0x0033 win=1 x=1 y=16 s="@S_                                                                          " fg=1 bg=0 -> 0
FLAIR-EVT what=4 where=313,50 msg=00001F53
FLAIR-EVT what=3 where=313,50 msg=00001655
TENANT-EVT what=3
TENANT-GATE ax=0x0033 win=1 x=1 y=16 s="@SU_                                                                         " fg=1 bg=0 -> 0
FLAIR-EVT what=4 where=313,50 msg=00001655
FLAIR-EVT what=3 where=313,50 msg=0000324D
TENANT-EVT what=3
TENANT-GATE ax=0x0033 win=1 x=1 y=16 s="@SUM_                                                                        " fg=1 bg=0 -> 0
FLAIR-EVT what=4 where=313,50 msg=0000324D
FLAIR-EVT what=3 where=313,50 msg=00000A28
TENANT-EVT what=3
TENANT-GATE ax=0x0033 win=1 x=1 y=16 s="@SUM(_                                                                       " fg=1 bg=0 -> 0
FLAIR-EVT what=4 where=313,50 msg=00000A28
FLAIR-EVT what=3 where=313,50 msg=00003042
TENANT-EVT what=3
TENANT-GATE ax=0x0033 win=1 x=1 y=16 s="@SUM(B_                                                                      " fg=1 bg=0 -> 0
FLAIR-EVT what=4 where=313,50 msg=00003042
FLAIR-EVT what=3 where=313,50 msg=00000231
TENANT-EVT what=3
TENANT-GATE ax=0x0033 win=1 x=1 y=16 s="@SUM(B1_                                                                     " fg=1 bg=0 -> 0
FLAIR-EVT what=4 where=313,50 msg=00000231
FLAIR-EVT what=3 where=313,50 msg=0000342E
TENANT-EVT what=3
TENANT-GATE ax=0x0033 win=1 x=1 y=16 s="@SUM(B1._                                                                    " fg=1 bg=0 -> 0
FLAIR-EVT what=4 where=313,50 msg=0000342E
FLAIR-EVT what=3 where=313,50 msg=0000342E
TENANT-EVT what=3
TENANT-GATE ax=0x0033 win=1 x=1 y=16 s="@SUM(B1.._                                                                   " fg=1 bg=0 -> 0
FLAIR-EVT what=4 where=313,50 msg=0000342E
FLAIR-EVT what=3 where=313,50 msg=00002044
TENANT-EVT what=3
TENANT-GATE ax=0x0033 win=1 x=1 y=16 s="@SUM(B1..D_                                                                  " fg=1 bg=0 -> 0
FLAIR-EVT what=4 where=313,50 msg=00002044
FLAIR-EVT what=3 where=313,50 msg=00000231
TENANT-EVT what=3
TENANT-GATE ax=0x0033 win=1 x=1 y=16 s="@SUM(B1..D1_                                                                 " fg=1 bg=0 -> 0
FLAIR-EVT what=4 where=313,50 msg=00000231
FLAIR-EVT what=3 where=313,50 msg=00000B29
TENANT-EVT what=3
TENANT-GATE ax=0x0033 win=1 x=1 y=16 s="@SUM(B1..D1)_                                                                " fg=1 bg=0 -> 0
FLAIR-EVT what=4 where=313,50 msg=00000B29
FLAIR-EVT what=3 where=313,50 msg=00001C0A
TENANT-EVT what=3
TENANT-GATE ax=0x0033 win=1 x=1 y=0 s="A2:                                                                     " fg=1 bg=0 -> 0
TENANT-GATE ax=0x0033 win=1 x=577 y=0 s=" EDIT" fg=0 bg=3 -> 0
TENANT-GATE ax=0x0033 win=1 x=1 y=16 s="@SUM(B1..D1)_                                                                " fg=1 bg=0 -> 0
FLAIR-EVT what=4 where=313,50 msg=00001C0A
FLAIR-EVT what=3 where=313,50 msg=00000100
TENANT-EVT what=3
TENANT-GATE ax=0x0033 win=1 x=1 y=0 s="A2:                                                                     " fg=1 bg=0 -> 0
TENANT-GATE ax=0x0033 win=1 x=577 y=0 s="READY" fg=0 bg=3 -> 0
TENANT-GATE ax=0x0033 win=1 x=1 y=16 s="                                                                             " fg=1 bg=0 -> 0
FLAIR-EVT what=4 where=313,50 msg=00000100
FLAIR-EVT what=3 where=313,50 msg=00000231
TENANT-EVT what=3
TENANT-GATE ax=0x0033 win=1 x=1 y=0 s="A2:                                                                     " fg=1 bg=0 -> 0
TENANT-GATE ax=0x0033 win=1 x=577 y=0 s="VALUE" fg=0 bg=3 -> 0
TENANT-GATE ax=0x0033 win=1 x=1 y=16 s="1_                                                                           " fg=1 bg=0 -> 0
FLAIR-EVT what=4 where=313,50 msg=00000231
FLAIR-EVT what=3 where=313,50 msg=00001245
TENANT-EVT what=3
TENANT-GATE ax=0x0033 win=1 x=1 y=16 s="1E_                                                                          " fg=1 bg=0 -> 0
FLAIR-EVT what=4 where=313,50 msg=00001245
FLAIR-EVT what=3 where=313,50 msg=00000A39
TENANT-EVT what=3
TENANT-GATE ax=0x0033 win=1 x=1 y=16 s="1E9_                                                                         " fg=1 bg=0 -> 0
FLAIR-EVT what=4 where=313,50 msg=00000A39
FLAIR-EVT what=3 where=313,50 msg=00000A39
TENANT-EVT what=3
TENANT-GATE ax=0x0033 win=1 x=1 y=16 s="1E99_                                                                        " fg=1 bg=0 -> 0
FLAIR-EVT what=4 where=313,50 msg=00000A39
FLAIR-EVT what=3 where=313,50 msg=00001C0A
TENANT-EVT what=3
TENANT-GATE ax=0x0033 win=1 x=1 y=80 s="2   " fg=0 bg=3 -> 0
TENANT-GATE ax=0x0033 win=1 x=33 y=80 s=" 1.0E+99                                                                 " fg=1 bg=0 -> 0
TENANT-GATE ax=0x0033 win=1 x=33 y=80 s=" 1.0E+99 " fg=0 bg=3 -> 0
TENANT-GATE ax=0x0033 win=1 x=1 y=0 s="A2: 1E+99                                                               " fg=1 bg=0 -> 0
TENANT-GATE ax=0x0033 win=1 x=577 y=0 s="READY" fg=0 bg=3 -> 0
TENANT-GATE ax=0x0033 win=1 x=1 y=16 s="                                                                             " fg=1 bg=0 -> 0
FLAIR-EVT what=4 where=313,50 msg=00001C0A
FLAIR-EVT what=3 where=313,50 msg=00004D00
TENANT-EVT what=3
TENANT-GATE ax=0x0033 win=1 x=1 y=80 s="2   " fg=0 bg=3 -> 0
TENANT-GATE ax=0x0033 win=1 x=33 y=80 s=" 1.0E+99                                                                 " fg=1 bg=0 -> 0
TENANT-GATE ax=0x0033 win=1 x=105 y=80 s="         " fg=0 bg=3 -> 0
TENANT-GATE ax=0x0033 win=1 x=1 y=0 s="B2:                                                                     " fg=1 bg=0 -> 0
TENANT-GATE ax=0x0033 win=1 x=577 y=0 s="READY" fg=0 bg=3 -> 0
FLAIR-EVT what=4 where=313,50 msg=00004D00
FLAIR-EVT what=3 where=313,50 msg=00000231
TENANT-EVT what=3
TENANT-GATE ax=0x0033 win=1 x=1 y=0 s="B2:                                                                     " fg=1 bg=0 -> 0
TENANT-GATE ax=0x0033 win=1 x=577 y=0 s="VALUE" fg=0 bg=3 -> 0
TENANT-GATE ax=0x0033 win=1 x=1 y=16 s="1_                                                                           " fg=1 bg=0 -> 0
FLAIR-EVT what=4 where=313,50 msg=00000231
FLAIR-EVT what=3 where=313,50 msg=00001245
TENANT-EVT what=3
TENANT-GATE ax=0x0033 win=1 x=1 y=16 s="1E_                                                                          " fg=1 bg=0 -> 0
FLAIR-EVT what=4 where=313,50 msg=00001245
FLAIR-EVT what=3 where=313,50 msg=00000433
TENANT-EVT what=3
TENANT-GATE ax=0x0033 win=1 x=1 y=16 s="1E3_                                                                         " fg=1 bg=0 -> 0
FLAIR-EVT what=4 where=313,50 msg=00000433
FLAIR-EVT what=3 where=313,50 msg=00000B30
TENANT-EVT what=3
TENANT-GATE ax=0x0033 win=1 x=1 y=16 s="1E30_                                                                        " fg=1 bg=0 -> 0
FLAIR-EVT what=4 where=313,50 msg=00000B30
FLAIR-EVT what=3 where=313,50 msg=00000B30
TENANT-EVT what=3
TENANT-GATE ax=0x0033 win=1 x=1 y=16 s="1E300_                                                                       " fg=1 bg=0 -> 0
FLAIR-EVT what=4 where=313,50 msg=00000B30
FLAIR-EVT what=3 where=313,50 msg=00001C0A
TENANT-EVT what=3
TENANT-GATE ax=0x0033 win=1 x=1 y=0 s="B2:                                                                     " fg=1 bg=0 -> 0
TENANT-GATE ax=0x0033 win=1 x=577 y=0 s=" EDIT" fg=0 bg=3 -> 0
TENANT-GATE ax=0x0033 win=1 x=1 y=16 s="1E300_                                                                       " fg=1 bg=0 -> 0
FLAIR-EVT what=4 where=313,50 msg=00001C0A
FLAIR-EVT what=3 where=313,50 msg=00000100
TENANT-EVT what=3
TENANT-GATE ax=0x0033 win=1 x=1 y=0 s="B2:                                                                     " fg=1 bg=0 -> 0
TENANT-GATE ax=0x0033 win=1 x=577 y=0 s="READY" fg=0 bg=3 -> 0
TENANT-GATE ax=0x0033 win=1 x=1 y=16 s="                                                                             " fg=1 bg=0 -> 0
FLAIR-EVT what=4 where=313,50 msg=00000100
FLAIR-EVT what=3 where=313,50 msg=00001E61
TENANT-EVT what=3
TENANT-GATE ax=0x0033 win=1 x=1 y=0 s="B2:                                                                     " fg=1 bg=0 -> 0
TENANT-GATE ax=0x0033 win=1 x=577 y=0 s="LABEL" fg=0 bg=3 -> 0
TENANT-GATE ax=0x0033 win=1 x=1 y=16 s="a_                                                                           " fg=1 bg=0 -> 0
FLAIR-EVT what=4 where=313,50 msg=00001E61
FLAIR-EVT what=3 where=313,50 msg=00003062
TENANT-EVT what=3
TENANT-GATE ax=0x0033 win=1 x=1 y=16 s="ab_                                                                          " fg=1 bg=0 -> 0
FLAIR-EVT what=4 where=313,50 msg=00003062
FLAIR-EVT what=3 where=313,50 msg=00002E63
TENANT-EVT what=3
TENANT-GATE ax=0x0033 win=1 x=1 y=16 s="abc_                                                                         " fg=1 bg=0 -> 0
FLAIR-EVT what=4 where=313,50 msg=00002E63
FLAIR-EVT what=3 where=313,50 msg=00002064
TENANT-EVT what=3
TENANT-GATE ax=0x0033 win=1 x=1 y=16 s="abcd_                                                                        " fg=1 bg=0 -> 0
FLAIR-EVT what=4 where=313,50 msg=00002064
FLAIR-EVT what=3 where=313,50 msg=00001265
TENANT-EVT what=3
TENANT-GATE ax=0x0033 win=1 x=1 y=16 s="abcde_                                                                       " fg=1 bg=0 -> 0
FLAIR-EVT what=4 where=313,50 msg=00001265
FLAIR-EVT what=3 where=313,50 msg=00002166
TENANT-EVT what=3
TENANT-GATE ax=0x0033 win=1 x=1 y=16 s="abcdef_                                                                      " fg=1 bg=0 -> 0
FLAIR-EVT what=4 where=313,50 msg=00002166
FLAIR-EVT what=3 where=313,50 msg=00002267
TENANT-EVT what=3
TENANT-GATE ax=0x0033 win=1 x=1 y=16 s="abcdefg_                                                                     " fg=1 bg=0 -> 0
FLAIR-EVT what=4 where=313,50 msg=00002267
FLAIR-EVT what=3 where=313,50 msg=00002368
TENANT-EVT what=3
TENANT-GATE ax=0x0033 win=1 x=1 y=16 s="abcdefgh_                                                                    " fg=1 bg=0 -> 0
FLAIR-EVT what=4 where=313,50 msg=00002368
FLAIR-EVT what=3 where=313,50 msg=00001769
TENANT-EVT what=3
TENANT-GATE ax=0x0033 win=1 x=1 y=16 s="abcdefghi_                                                                   " fg=1 bg=0 -> 0
FLAIR-EVT what=4 where=313,50 msg=00001769
FLAIR-EVT what=3 where=313,50 msg=0000246A
TENANT-EVT what=3
TENANT-GATE ax=0x0033 win=1 x=1 y=16 s="abcdefghij_                                                                  " fg=1 bg=0 -> 0
FLAIR-EVT what=4 where=313,50 msg=0000246A
FLAIR-EVT what=3 where=313,50 msg=0000256B
TENANT-EVT what=3
TENANT-GATE ax=0x0033 win=1 x=1 y=16 s="abcdefghijk_                                                                 " fg=1 bg=0 -> 0
FLAIR-EVT what=4 where=313,50 msg=0000256B
FLAIR-EVT what=3 where=313,50 msg=0000266C
TENANT-EVT what=3
TENANT-GATE ax=0x0033 win=1 x=1 y=16 s="abcdefghijkl_                                                                " fg=1 bg=0 -> 0
FLAIR-EVT what=4 where=313,50 msg=0000266C
FLAIR-EVT what=3 where=313,50 msg=0000326D
TENANT-EVT what=3
TENANT-GATE ax=0x0033 win=1 x=1 y=16 s="abcdefghijklm_                                                               " fg=1 bg=0 -> 0
FLAIR-EVT what=4 where=313,50 msg=0000326D
FLAIR-EVT what=3 where=313,50 msg=0000316E
TENANT-EVT what=3
TENANT-GATE ax=0x0033 win=1 x=1 y=16 s="abcdefghijklmn_                                                              " fg=1 bg=0 -> 0
FLAIR-EVT what=4 where=313,50 msg=0000316E
FLAIR-EVT what=3 where=313,50 msg=0000186F
TENANT-EVT what=3
TENANT-GATE ax=0x0033 win=1 x=1 y=16 s="abcdefghijklmno_                                                             " fg=1 bg=0 -> 0
FLAIR-EVT what=4 where=313,50 msg=0000186F
FLAIR-EVT what=3 where=313,50 msg=00001970
TENANT-EVT what=3
TENANT-GATE ax=0x0033 win=1 x=1 y=16 s="abcdefghijklmnop_                                                            " fg=1 bg=0 -> 0
FLAIR-EVT what=4 where=313,50 msg=00001970
FLAIR-EVT what=3 where=313,50 msg=00001071
TENANT-EVT what=3
TENANT-GATE ax=0x0033 win=1 x=1 y=16 s="abcdefghijklmnopq_                                                           " fg=1 bg=0 -> 0
FLAIR-EVT what=4 where=313,50 msg=00001071
FLAIR-EVT what=3 where=313,50 msg=00001372
TENANT-EVT what=3
TENANT-GATE ax=0x0033 win=1 x=1 y=16 s="abcdefghijklmnopqr_                                                          " fg=1 bg=0 -> 0
FLAIR-EVT what=4 where=313,50 msg=00001372
FLAIR-EVT what=3 where=313,50 msg=00001F73
TENANT-EVT what=3
TENANT-GATE ax=0x0033 win=1 x=1 y=16 s="abcdefghijklmnopqrs_                                                         " fg=1 bg=0 -> 0
FLAIR-EVT what=4 where=313,50 msg=00001F73
FLAIR-EVT what=3 where=313,50 msg=00001474
TENANT-EVT what=3
TENANT-GATE ax=0x0033 win=1 x=1 y=16 s="abcdefghijklmnopqrst_                                                        " fg=1 bg=0 -> 0
FLAIR-EVT what=4 where=313,50 msg=00001474
FLAIR-EVT what=3 where=313,50 msg=00001675
TENANT-EVT what=3
TENANT-GATE ax=0x0033 win=1 x=1 y=16 s="abcdefghijklmnopqrstu_                                                       " fg=1 bg=0 -> 0
FLAIR-EVT what=4 where=313,50 msg=00001675
FLAIR-EVT what=3 where=313,50 msg=00002F76
TENANT-EVT what=3
TENANT-GATE ax=0x0033 win=1 x=1 y=16 s="abcdefghijklmnopqrstuv_                                                      " fg=1 bg=0 -> 0
FLAIR-EVT what=4 where=313,50 msg=00002F76
FLAIR-EVT what=3 where=313,50 msg=00001177
TENANT-EVT what=3
TENANT-GATE ax=0x0033 win=1 x=1 y=16 s="abcdefghijklmnopqrstuvw_                                                     " fg=1 bg=0 -> 0
FLAIR-EVT what=4 where=313,50 msg=00001177
FLAIR-EVT what=3 where=313,50 msg=00002D78
TENANT-EVT what=3
TENANT-GATE ax=0x0033 win=1 x=1 y=16 s="abcdefghijklmnopqrstuvwx_                                                    " fg=1 bg=0 -> 0
FLAIR-EVT what=4 where=313,50 msg=00002D78
FLAIR-EVT what=3 where=313,50 msg=00001579
TENANT-EVT what=3
TENANT-GATE ax=0x0033 win=1 x=1 y=16 s="abcdefghijklmnopqrstuvwxy_                                                   " fg=1 bg=0 -> 0
FLAIR-EVT what=4 where=313,50 msg=00001579
FLAIR-EVT what=3 where=313,50 msg=00002C7A
TENANT-EVT what=3
TENANT-GATE ax=0x0033 win=1 x=1 y=16 s="abcdefghijklmnopqrstuvwxyz_                                                  " fg=1 bg=0 -> 0
FLAIR-EVT what=4 where=313,50 msg=00002C7A
FLAIR-EVT what=3 where=313,50 msg=00001E61
TENANT-EVT what=3
TENANT-GATE ax=0x0033 win=1 x=1 y=16 s="abcdefghijklmnopqrstuvwxyza_                                                 " fg=1 bg=0 -> 0
FLAIR-EVT what=4 where=313,50 msg=00001E61
FLAIR-EVT what=3 where=313,50 msg=00003062
TENANT-EVT what=3
TENANT-GATE ax=0x0033 win=1 x=1 y=16 s="abcdefghijklmnopqrstuvwxyzab_                                                " fg=1 bg=0 -> 0
FLAIR-EVT what=4 where=313,50 msg=00003062
FLAIR-EVT what=3 where=313,50 msg=00002E63
TENANT-EVT what=3
TENANT-GATE ax=0x0033 win=1 x=1 y=16 s="abcdefghijklmnopqrstuvwxyzabc_                                               " fg=1 bg=0 -> 0
FLAIR-EVT what=4 where=313,50 msg=00002E63
FLAIR-EVT what=3 where=313,50 msg=00002064
TENANT-EVT what=3
TENANT-GATE ax=0x0033 win=1 x=1 y=16 s="abcdefghijklmnopqrstuvwxyzabcd_                                              " fg=1 bg=0 -> 0
FLAIR-EVT what=4 where=313,50 msg=00002064
FLAIR-EVT what=3 where=313,50 msg=00001265
TENANT-EVT what=3
TENANT-GATE ax=0x0033 win=1 x=1 y=16 s="abcdefghijklmnopqrstuvwxyzabcde_                                             " fg=1 bg=0 -> 0
FLAIR-EVT what=4 where=313,50 msg=00001265
FLAIR-EVT what=3 where=313,50 msg=00002166
TENANT-EVT what=3
TENANT-GATE ax=0x0033 win=1 x=1 y=16 s="abcdefghijklmnopqrstuvwxyzabcdef_                                            " fg=1 bg=0 -> 0
FLAIR-EVT what=4 where=313,50 msg=00002166
FLAIR-EVT what=3 where=313,50 msg=00002267
TENANT-EVT what=3
TENANT-GATE ax=0x0033 win=1 x=1 y=16 s="abcdefghijklmnopqrstuvwxyzabcdefg_                                           " fg=1 bg=0 -> 0
FLAIR-EVT what=4 where=313,50 msg=00002267
FLAIR-EVT what=3 where=313,50 msg=00002368
TENANT-EVT what=3
TENANT-GATE ax=0x0033 win=1 x=1 y=16 s="abcdefghijklmnopqrstuvwxyzabcdefgh_                                          " fg=1 bg=0 -> 0
FLAIR-EVT what=4 where=313,50 msg=00002368
FLAIR-EVT what=3 where=313,50 msg=00001769
TENANT-EVT what=3
TENANT-GATE ax=0x0033 win=1 x=1 y=16 s="abcdefghijklmnopqrstuvwxyzabcdefghi_                                         " fg=1 bg=0 -> 0
FLAIR-EVT what=4 where=313,50 msg=00001769
FLAIR-EVT what=3 where=313,50 msg=0000246A
TENANT-EVT what=3
TENANT-GATE ax=0x0033 win=1 x=1 y=16 s="abcdefghijklmnopqrstuvwxyzabcdefghij_                                        " fg=1 bg=0 -> 0
FLAIR-EVT what=4 where=313,50 msg=0000246A
FLAIR-EVT what=3 where=313,50 msg=0000256B
TENANT-EVT what=3
TENANT-GATE ax=0x0033 win=1 x=1 y=16 s="abcdefghijklmnopqrstuvwxyzabcdefghijk_                                       " fg=1 bg=0 -> 0
FLAIR-EVT what=4 where=313,50 msg=0000256B
FLAIR-EVT what=3 where=313,50 msg=0000266C
TENANT-EVT what=3
TENANT-GATE ax=0x0033 win=1 x=1 y=16 s="abcdefghijklmnopqrstuvwxyzabcdefghijkl_                                      " fg=1 bg=0 -> 0
FLAIR-EVT what=4 where=313,50 msg=0000266C
FLAIR-EVT what=3 where=313,50 msg=0000326D
TENANT-EVT what=3
TENANT-GATE ax=0x0033 win=1 x=1 y=16 s="abcdefghijklmnopqrstuvwxyzabcdefghijklm_                                     " fg=1 bg=0 -> 0
FLAIR-EVT what=4 where=313,50 msg=0000326D
FLAIR-EVT what=3 where=313,50 msg=0000316E
TENANT-EVT what=3
TENANT-GATE ax=0x0033 win=1 x=1 y=16 s="abcdefghijklmnopqrstuvwxyzabcdefghijklmn_                                    " fg=1 bg=0 -> 0
FLAIR-EVT what=4 where=313,50 msg=0000316E
FLAIR-EVT what=3 where=313,50 msg=0000186F
TENANT-EVT what=3
TENANT-GATE ax=0x0033 win=1 x=1 y=16 s="abcdefghijklmnopqrstuvwxyzabcdefghijklmno_                                   " fg=1 bg=0 -> 0
FLAIR-EVT what=4 where=313,50 msg=0000186F
FLAIR-EVT what=3 where=313,50 msg=00001970
TENANT-EVT what=3
TENANT-GATE ax=0x0033 win=1 x=1 y=16 s="abcdefghijklmnopqrstuvwxyzabcdefghijklmnop_                                  " fg=1 bg=0 -> 0
FLAIR-EVT what=4 where=313,50 msg=00001970
FLAIR-EVT what=3 where=313,50 msg=00001071
TENANT-EVT what=3
TENANT-GATE ax=0x0033 win=1 x=1 y=16 s="abcdefghijklmnopqrstuvwxyzabcdefghijklmnopq_                                 " fg=1 bg=0 -> 0
FLAIR-EVT what=4 where=313,50 msg=00001071
FLAIR-EVT what=3 where=313,50 msg=00001372
TENANT-EVT what=3
TENANT-GATE ax=0x0033 win=1 x=1 y=16 s="abcdefghijklmnopqrstuvwxyzabcdefghijklmnopqr_                                " fg=1 bg=0 -> 0
FLAIR-EVT what=4 where=313,50 msg=00001372
FLAIR-EVT what=3 where=313,50 msg=00001F73
TENANT-EVT what=3
TENANT-GATE ax=0x0033 win=1 x=1 y=16 s="abcdefghijklmnopqrstuvwxyzabcdefghijklmnopqrs_                               " fg=1 bg=0 -> 0
FLAIR-EVT what=4 where=313,50 msg=00001F73
FLAIR-EVT what=3 where=313,50 msg=00001474
TENANT-EVT what=3
TENANT-GATE ax=0x0033 win=1 x=1 y=16 s="abcdefghijklmnopqrstuvwxyzabcdefghijklmnopqrst_                              " fg=1 bg=0 -> 0
FLAIR-EVT what=4 where=313,50 msg=00001474
FLAIR-EVT what=3 where=313,50 msg=00001675
TENANT-EVT what=3
TENANT-GATE ax=0x0033 win=1 x=1 y=16 s="abcdefghijklmnopqrstuvwxyzabcdefghijklmnopqrstu_                             " fg=1 bg=0 -> 0
FLAIR-EVT what=4 where=313,50 msg=00001675
FLAIR-EVT what=3 where=313,50 msg=00002F76
TENANT-EVT what=3
TENANT-GATE ax=0x0033 win=1 x=1 y=16 s="abcdefghijklmnopqrstuvwxyzabcdefghijklmnopqrstuv_                            " fg=1 bg=0 -> 0
FLAIR-EVT what=4 where=313,50 msg=00002F76
FLAIR-EVT what=3 where=313,50 msg=00001177
TENANT-EVT what=3
TENANT-GATE ax=0x0033 win=1 x=1 y=16 s="abcdefghijklmnopqrstuvwxyzabcdefghijklmnopqrstuvw_                           " fg=1 bg=0 -> 0
FLAIR-EVT what=4 where=313,50 msg=00001177
FLAIR-EVT what=3 where=313,50 msg=00002D78
TENANT-EVT what=3
TENANT-GATE ax=0x0033 win=1 x=1 y=16 s="abcdefghijklmnopqrstuvwxyzabcdefghijklmnopqrstuvwx_                          " fg=1 bg=0 -> 0
FLAIR-EVT what=4 where=313,50 msg=00002D78
FLAIR-EVT what=3 where=313,50 msg=00001579
TENANT-EVT what=3
TENANT-GATE ax=0x0033 win=1 x=1 y=16 s="abcdefghijklmnopqrstuvwxyzabcdefghijklmnopqrstuvwxy_                         " fg=1 bg=0 -> 0
FLAIR-EVT what=4 where=313,50 msg=00001579
FLAIR-EVT what=3 where=313,50 msg=00002C7A
TENANT-EVT what=3
TENANT-GATE ax=0x0033 win=1 x=1 y=16 s="abcdefghijklmnopqrstuvwxyzabcdefghijklmnopqrstuvwxyz_                        " fg=1 bg=0 -> 0
FLAIR-EVT what=4 where=313,50 msg=00002C7A
FLAIR-EVT what=3 where=313,50 msg=00001E61
TENANT-EVT what=3
TENANT-GATE ax=0x0033 win=1 x=1 y=16 s="abcdefghijklmnopqrstuvwxyzabcdefghijklmnopqrstuvwxyza_                       " fg=1 bg=0 -> 0
FLAIR-EVT what=4 where=313,50 msg=00001E61
FLAIR-EVT what=3 where=313,50 msg=00003062
TENANT-EVT what=3
TENANT-GATE ax=0x0033 win=1 x=1 y=16 s="abcdefghijklmnopqrstuvwxyzabcdefghijklmnopqrstuvwxyzab_                      " fg=1 bg=0 -> 0
FLAIR-EVT what=4 where=313,50 msg=00003062
FLAIR-EVT what=3 where=313,50 msg=00002E63
TENANT-EVT what=3
TENANT-GATE ax=0x0033 win=1 x=1 y=16 s="abcdefghijklmnopqrstuvwxyzabcdefghijklmnopqrstuvwxyzabc_                     " fg=1 bg=0 -> 0
FLAIR-EVT what=4 where=313,50 msg=00002E63
FLAIR-EVT what=3 where=313,50 msg=00002064
TENANT-EVT what=3
TENANT-GATE ax=0x0033 win=1 x=1 y=16 s="abcdefghijklmnopqrstuvwxyzabcdefghijklmnopqrstuvwxyzabcd_                    " fg=1 bg=0 -> 0
FLAIR-EVT what=4 where=313,50 msg=00002064
FLAIR-EVT what=3 where=313,50 msg=00001265
TENANT-EVT what=3
TENANT-GATE ax=0x0033 win=1 x=1 y=16 s="abcdefghijklmnopqrstuvwxyzabcdefghijklmnopqrstuvwxyzabcde_                   " fg=1 bg=0 -> 0
FLAIR-EVT what=4 where=313,50 msg=00001265
FLAIR-EVT what=3 where=313,50 msg=00002166
TENANT-EVT what=3
TENANT-GATE ax=0x0033 win=1 x=1 y=16 s="abcdefghijklmnopqrstuvwxyzabcdefghijklmnopqrstuvwxyzabcdef_                  " fg=1 bg=0 -> 0
FLAIR-EVT what=4 where=313,50 msg=00002166
FLAIR-EVT what=3 where=313,50 msg=00002267
TENANT-EVT what=3
TENANT-GATE ax=0x0033 win=1 x=1 y=16 s="abcdefghijklmnopqrstuvwxyzabcdefghijklmnopqrstuvwxyzabcdefg_                 " fg=1 bg=0 -> 0
FLAIR-EVT what=4 where=313,50 msg=00002267
FLAIR-EVT what=3 where=313,50 msg=00002368
TENANT-EVT what=3
TENANT-GATE ax=0x0033 win=1 x=1 y=16 s="abcdefghijklmnopqrstuvwxyzabcdefghijklmnopqrstuvwxyzabcdefgh_                " fg=1 bg=0 -> 0
FLAIR-EVT what=4 where=313,50 msg=00002368
FLAIR-EVT what=3 where=313,50 msg=00001769
TENANT-EVT what=3
TENANT-GATE ax=0x0033 win=1 x=1 y=16 s="abcdefghijklmnopqrstuvwxyzabcdefghijklmnopqrstuvwxyzabcdefghi_               " fg=1 bg=0 -> 0
FLAIR-EVT what=4 where=313,50 msg=00001769
FLAIR-EVT what=3 where=313,50 msg=0000246A
TENANT-EVT what=3
TENANT-GATE ax=0x0033 win=1 x=1 y=16 s="abcdefghijklmnopqrstuvwxyzabcdefghijklmnopqrstuvwxyzabcdefghij_              " fg=1 bg=0 -> 0
FLAIR-EVT what=4 where=313,50 msg=0000246A
FLAIR-EVT what=3 where=313,50 msg=0000256B
TENANT-EVT what=3
TENANT-GATE ax=0x0033 win=1 x=1 y=16 s="abcdefghijklmnopqrstuvwxyzabcdefghijklmnopqrstuvwxyzabcdefghijk_             " fg=1 bg=0 -> 0
FLAIR-EVT what=4 where=313,50 msg=0000256B
FLAIR-EVT what=3 where=313,50 msg=0000266C
TENANT-EVT what=3
TENANT-GATE ax=0x0033 win=1 x=1 y=16 s="abcdefghijklmnopqrstuvwxyzabcdefghijklmnopqrstuvwxyzabcdefghijkl_            " fg=1 bg=0 -> 0
FLAIR-EVT what=4 where=313,50 msg=0000266C
FLAIR-EVT what=3 where=313,50 msg=0000326D
TENANT-EVT what=3
TENANT-GATE ax=0x0033 win=1 x=1 y=16 s="abcdefghijklmnopqrstuvwxyzabcdefghijklmnopqrstuvwxyzabcdefghijklm_           " fg=1 bg=0 -> 0
FLAIR-EVT what=4 where=313,50 msg=0000326D
FLAIR-EVT what=3 where=313,50 msg=0000316E
TENANT-EVT what=3
TENANT-GATE ax=0x0033 win=1 x=1 y=16 s="abcdefghijklmnopqrstuvwxyzabcdefghijklmnopqrstuvwxyzabcdefghijklmn_          " fg=1 bg=0 -> 0
FLAIR-EVT what=4 where=313,50 msg=0000316E
FLAIR-EVT what=3 where=313,50 msg=0000186F
TENANT-EVT what=3
TENANT-GATE ax=0x0033 win=1 x=1 y=16 s="abcdefghijklmnopqrstuvwxyzabcdefghijklmnopqrstuvwxyzabcdefghijklmno_         " fg=1 bg=0 -> 0
FLAIR-EVT what=4 where=313,50 msg=0000186F
FLAIR-EVT what=3 where=313,50 msg=00001970
TENANT-EVT what=3
TENANT-GATE ax=0x0033 win=1 x=1 y=16 s="abcdefghijklmnopqrstuvwxyzabcdefghijklmnopqrstuvwxyzabcdefghijklmnop_        " fg=1 bg=0 -> 0
FLAIR-EVT what=4 where=313,50 msg=00001970
FLAIR-EVT what=3 where=313,50 msg=00001071
TENANT-EVT what=3
TENANT-GATE ax=0x0033 win=1 x=1 y=16 s="abcdefghijklmnopqrstuvwxyzabcdefghijklmnopqrstuvwxyzabcdefghijklmnopq_       " fg=1 bg=0 -> 0
FLAIR-EVT what=4 where=313,50 msg=00001071
FLAIR-EVT what=3 where=313,50 msg=00001372
TENANT-EVT what=3
TENANT-GATE ax=0x0033 win=1 x=1 y=16 s="abcdefghijklmnopqrstuvwxyzabcdefghijklmnopqrstuvwxyzabcdefghijklmnopqr_      " fg=1 bg=0 -> 0
FLAIR-EVT what=4 where=313,50 msg=00001372
FLAIR-EVT what=3 where=313,50 msg=00001F73
TENANT-EVT what=3
TENANT-GATE ax=0x0033 win=1 x=1 y=16 s="abcdefghijklmnopqrstuvwxyzabcdefghijklmnopqrstuvwxyzabcdefghijklmnopqrs_     " fg=1 bg=0 -> 0
FLAIR-EVT what=4 where=313,50 msg=00001F73
FLAIR-EVT what=3 where=313,50 msg=00001474
TENANT-EVT what=3
TENANT-GATE ax=0x0033 win=1 x=1 y=16 s="abcdefghijklmnopqrstuvwxyzabcdefghijklmnopqrstuvwxyzabcdefghijklmnopqrst_    " fg=1 bg=0 -> 0
FLAIR-EVT what=4 where=313,50 msg=00001474
FLAIR-EVT what=3 where=313,50 msg=00001675
TENANT-EVT what=3
TENANT-GATE ax=0x0033 win=1 x=1 y=16 s="abcdefghijklmnopqrstuvwxyzabcdefghijklmnopqrstuvwxyzabcdefghijklmnopqrstu_   " fg=1 bg=0 -> 0
FLAIR-EVT what=4 where=313,50 msg=00001675
FLAIR-EVT what=3 where=313,50 msg=00002F76
TENANT-EVT what=3
TENANT-GATE ax=0x0033 win=1 x=1 y=16 s="abcdefghijklmnopqrstuvwxyzabcdefghijklmnopqrstuvwxyzabcdefghijklmnopqrstuv_  " fg=1 bg=0 -> 0
FLAIR-EVT what=4 where=313,50 msg=00002F76
FLAIR-EVT what=3 where=313,50 msg=00001177
TENANT-EVT what=3
TENANT-GATE ax=0x0033 win=1 x=1 y=16 s="abcdefghijklmnopqrstuvwxyzabcdefghijklmnopqrstuvwxyzabcdefghijklmnopqrstuvw_ " fg=1 bg=0 -> 0
FLAIR-EVT what=4 where=313,50 msg=00001177
FLAIR-EVT what=3 where=313,50 msg=00002D78
TENANT-EVT what=3
FLAIR-EVT what=4 where=313,50 msg=00002D78
FLAIR-EVT what=3 where=313,50 msg=00001579
TENANT-EVT what=3
FLAIR-EVT what=4 where=313,50 msg=00001579
FLAIR-EVT what=3 where=313,50 msg=00002C7A
TENANT-EVT what=3
FLAIR-EVT what=4 where=313,50 msg=00002C7A
FLAIR-EVT what=3 where=313,50 msg=00001E61
TENANT-EVT what=3
FLAIR-EVT what=4 where=313,50 msg=00001E61
FLAIR-EVT what=3 where=313,50 msg=00003062
TENANT-EVT what=3
FLAIR-EVT what=4 where=313,50 msg=00003062
FLAIR-EVT what=3 where=313,50 msg=00002E63
TENANT-EVT what=3
FLAIR-EVT what=4 where=313,50 msg=00002E63
FLAIR-EVT what=3 where=313,50 msg=00002064
TENANT-EVT what=3
FLAIR-EVT what=4 where=313,50 msg=00002064
FLAIR-EVT what=3 where=313,50 msg=00001265
TENANT-EVT what=3
FLAIR-EVT what=4 where=313,50 msg=00001265
FLAIR-EVT what=3 where=313,50 msg=00002166
TENANT-EVT what=3
FLAIR-EVT what=4 where=313,50 msg=00002166
FLAIR-EVT what=3 where=313,50 msg=00002267
TENANT-EVT what=3
FLAIR-EVT what=4 where=313,50 msg=00002267
FLAIR-EVT what=3 where=313,50 msg=00002368
TENANT-EVT what=3
FLAIR-EVT what=4 where=313,50 msg=00002368
FLAIR-EVT what=3 where=313,50 msg=00001769
TENANT-EVT what=3
FLAIR-EVT what=4 where=313,50 msg=00001769
FLAIR-EVT what=3 where=313,50 msg=0000246A
TENANT-EVT what=3
FLAIR-EVT what=4 where=313,50 msg=0000246A
FLAIR-EVT what=3 where=313,50 msg=0000256B
TENANT-EVT what=3
FLAIR-EVT what=4 where=313,50 msg=0000256B
FLAIR-EVT what=3 where=313,50 msg=0000266C
TENANT-EVT what=3
FLAIR-EVT what=4 where=313,50 msg=0000266C
FLAIR-EVT what=3 where=313,50 msg=0000326D
TENANT-EVT what=3
FLAIR-EVT what=4 where=313,50 msg=0000326D
FLAIR-EVT what=3 where=313,50 msg=0000316E
TENANT-EVT what=3
FLAIR-EVT what=4 where=313,50 msg=0000316E
FLAIR-EVT what=3 where=313,50 msg=0000186F
TENANT-EVT what=3
FLAIR-EVT what=4 where=313,50 msg=0000186F
FLAIR-EVT what=3 where=313,50 msg=00001970
TENANT-EVT what=3
FLAIR-EVT what=4 where=313,50 msg=00001970
FLAIR-EVT what=3 where=313,50 msg=00001071
TENANT-EVT what=3
FLAIR-EVT what=4 where=313,50 msg=00001071
FLAIR-EVT what=3 where=313,50 msg=00001372
TENANT-EVT what=3
FLAIR-EVT what=4 where=313,50 msg=00001372
FLAIR-EVT what=3 where=313,50 msg=00001F73
TENANT-EVT what=3
FLAIR-EVT what=4 where=313,50 msg=00001F73
FLAIR-EVT what=3 where=313,50 msg=00001474
TENANT-EVT what=3
FLAIR-EVT what=4 where=313,50 msg=00001474
FLAIR-EVT what=3 where=313,50 msg=00001675
TENANT-EVT what=3
FLAIR-EVT what=4 where=313,50 msg=00001675
FLAIR-EVT what=3 where=313,50 msg=00002F76
TENANT-EVT what=3
FLAIR-EVT what=4 where=313,50 msg=00002F76
FLAIR-EVT what=3 where=313,50 msg=00001177
TENANT-EVT what=3
FLAIR-EVT what=4 where=313,50 msg=00001177
FLAIR-EVT what=3 where=313,50 msg=00002D78
TENANT-EVT what=3
FLAIR-EVT what=4 where=313,50 msg=00002D78
FLAIR-EVT what=3 where=313,50 msg=00001579
TENANT-EVT what=3
FLAIR-EVT what=4 where=313,50 msg=00001579
FLAIR-EVT what=3 where=313,50 msg=00002C7A
TENANT-EVT what=3
FLAIR-EVT what=4 where=313,50 msg=00002C7A
FLAIR-EVT what=3 where=313,50 msg=00001C0A
TENANT-EVT what=3
TENANT-GATE ax=0x0033 win=1 x=1 y=80 s="2   " fg=0 bg=3 -> 0
TENANT-GATE ax=0x0033 win=1 x=33 y=80 s=" 1.0E+99 abcdefghijklmnopqrstuvwxyzabcdefghijklmnopqrstuvwxyzabcdefghijk " fg=1 bg=0 -> 0
TENANT-GATE ax=0x0033 win=1 x=105 y=80 s="abcdefghi" fg=0 bg=3 -> 0
TENANT-GATE ax=0x0033 win=1 x=1 y=0 s="B2: 'abcdefghijklmnopqrstuvwxyzabcdefghijklmnopqrstuvwxyzabcdefghijklmn " fg=1 bg=0 -> 0
TENANT-GATE ax=0x0033 win=1 x=577 y=0 s="READY" fg=0 bg=3 -> 0
TENANT-GATE ax=0x0033 win=1 x=1 y=16 s="                                                                             " fg=1 bg=0 -> 0
FLAIR-EVT what=4 where=313,50 msg=00001C0A
FLAIR-EVT what=3 where=313,50 msg=00001071
TENANT-MENU menu=129 item=1 src=key
TENANT-EVT what=81
TENANT-GATE ax=0x0070 rc=0 -> 0
TENANT-EXIT rc=0 via=exit
TENANT-HEAPAVAIL n=3418352
FLAIR-EVT what=4 where=313,50 msg=00001071
FLAIR-CURSOR x=233 y=0
FLAIR-CURSOR x=73 y=0
FLAIR-CURSOR x=0 y=0
FLAIR-CURSOR x=141 y=83
FLAIR-CURSOR x=211 y=124
FLAIR-EVT what=1 where=211,124 msg=00000000
FLAIR-EVT what=2 where=211,124 msg=00000000
FINDER-WIN-SELECT win=1 name=123.EXE count=1
FLAIR-EVT what=1 where=211,124 msg=00000000
FLAIR-EVT what=2 where=211,124 msg=00000000
TENANT-LOAD name=123.EXE len=12592 base=0x001a4d00
TENANT-REGISTER ok app=123
TENANT-GATE ax=0x0001 rec=+0x3010 -> 0
TENANT-GATE ax=0x0050 bar=+0x2cd8 -> 0
TENANT-GATE ax=0x0020 l=0 t=40 r=640 b=480 goaway=1 -> 1
TENANT-GATE ax=0x0022 win=1 s="Initech 123" -> 0
TENANT-EVT what=8
TENANT-EVT what=6
TENANT-GATE ax=0x0031 win=1 l=0 t=0 r=640 b=480 c=0 -> 0
TENANT-GATE ax=0x0033 win=1 x=1 y=0 s="A1:                                                                     " fg=1 bg=0 -> 0
TENANT-GATE ax=0x0033 win=1 x=577 y=0 s="READY" fg=0 bg=3 -> 0
TENANT-GATE ax=0x0033 win=1 x=1 y=16 s="                                                                             " fg=1 bg=0 -> 0
TENANT-GATE ax=0x0033 win=1 x=1 y=32 s="                                                                             " fg=1 bg=0 -> 0
TENANT-GATE ax=0x0033 win=1 x=1 y=48 s="        A        B        C        D        E        F        G        H     " fg=0 bg=3 -> 0
TENANT-GATE ax=0x0033 win=1 x=1 y=64 s="1   " fg=0 bg=3 -> 0
TENANT-GATE ax=0x0033 win=1 x=33 y=64 s="                                                                         " fg=1 bg=0 -> 0
TENANT-GATE ax=0x0033 win=1 x=1 y=80 s="2   " fg=0 bg=3 -> 0
TENANT-GATE ax=0x0033 win=1 x=33 y=80 s="                                                                         " fg=1 bg=0 -> 0
TENANT-GATE ax=0x0033 win=1 x=1 y=96 s="3   " fg=0 bg=3 -> 0
TENANT-GATE ax=0x0033 win=1 x=33 y=96 s="                                                                         " fg=1 bg=0 -> 0
TENANT-GATE ax=0x0033 win=1 x=1 y=112 s="4   " fg=0 bg=3 -> 0
TENANT-GATE ax=0x0033 win=1 x=33 y=112 s="                                                                         " fg=1 bg=0 -> 0
TENANT-GATE ax=0x0033 win=1 x=1 y=128 s="5   " fg=0 bg=3 -> 0
TENANT-GATE ax=0x0033 win=1 x=33 y=128 s="                                                                         " fg=1 bg=0 -> 0
TENANT-GATE ax=0x0033 win=1 x=1 y=144 s="6   " fg=0 bg=3 -> 0
TENANT-GATE ax=0x0033 win=1 x=33 y=144 s="                                                                         " fg=1 bg=0 -> 0
TENANT-GATE ax=0x0033 win=1 x=1 y=160 s="7   " fg=0 bg=3 -> 0
TENANT-GATE ax=0x0033 win=1 x=33 y=160 s="                                                                         " fg=1 bg=0 -> 0
TENANT-GATE ax=0x0033 win=1 x=1 y=176 s="8   " fg=0 bg=3 -> 0
TENANT-GATE ax=0x0033 win=1 x=33 y=176 s="                                                                         " fg=1 bg=0 -> 0
TENANT-GATE ax=0x0033 win=1 x=1 y=192 s="9   " fg=0 bg=3 -> 0
TENANT-GATE ax=0x0033 win=1 x=33 y=192 s="                                                                         " fg=1 bg=0 -> 0
TENANT-GATE ax=0x0033 win=1 x=1 y=208 s="10  " fg=0 bg=3 -> 0
TENANT-GATE ax=0x0033 win=1 x=33 y=208 s="                                                                         " fg=1 bg=0 -> 0
TENANT-GATE ax=0x0033 win=1 x=1 y=224 s="11  " fg=0 bg=3 -> 0
TENANT-GATE ax=0x0033 win=1 x=33 y=224 s="                                                                         " fg=1 bg=0 -> 0
TENANT-GATE ax=0x0033 win=1 x=1 y=240 s="12  " fg=0 bg=3 -> 0
TENANT-GATE ax=0x0033 win=1 x=33 y=240 s="                                                                         " fg=1 bg=0 -> 0
TENANT-GATE ax=0x0033 win=1 x=1 y=256 s="13  " fg=0 bg=3 -> 0
TENANT-GATE ax=0x0033 win=1 x=33 y=256 s="                                                                         " fg=1 bg=0 -> 0
TENANT-GATE ax=0x0033 win=1 x=1 y=272 s="14  " fg=0 bg=3 -> 0
TENANT-GATE ax=0x0033 win=1 x=33 y=272 s="                                                                         " fg=1 bg=0 -> 0
TENANT-GATE ax=0x0033 win=1 x=1 y=288 s="15  " fg=0 bg=3 -> 0
TENANT-GATE ax=0x0033 win=1 x=33 y=288 s="                                                                         " fg=1 bg=0 -> 0
TENANT-GATE ax=0x0033 win=1 x=1 y=304 s="16  " fg=0 bg=3 -> 0
TENANT-GATE ax=0x0033 win=1 x=33 y=304 s="                                                                         " fg=1 bg=0 -> 0
TENANT-GATE ax=0x0033 win=1 x=1 y=320 s="17  " fg=0 bg=3 -> 0
TENANT-GATE ax=0x0033 win=1 x=33 y=320 s="                                                                         " fg=1 bg=0 -> 0
TENANT-GATE ax=0x0033 win=1 x=1 y=336 s="18  " fg=0 bg=3 -> 0
TENANT-GATE ax=0x0033 win=1 x=33 y=336 s="                                                                         " fg=1 bg=0 -> 0
TENANT-GATE ax=0x0033 win=1 x=1 y=352 s="19  " fg=0 bg=3 -> 0
TENANT-GATE ax=0x0033 win=1 x=33 y=352 s="                                                                         " fg=1 bg=0 -> 0
TENANT-GATE ax=0x0033 win=1 x=33 y=64 s="         " fg=0 bg=3 -> 0
TENANT-GATE ax=0x0033 win=1 x=1 y=368 s="                                                                             " fg=1 bg=0 -> 0
FLAIR-DISPATCH app=123
FLAIR-EVT what=3 where=211,124 msg=00000B30
TENANT-EVT what=3
TENANT-GATE ax=0x0033 win=1 x=1 y=0 s="A1:                                                                     " fg=1 bg=0 -> 0
TENANT-GATE ax=0x0033 win=1 x=577 y=0 s="VALUE" fg=0 bg=3 -> 0
TENANT-GATE ax=0x0033 win=1 x=1 y=16 s="0_                                                                           " fg=1 bg=0 -> 0
FLAIR-EVT what=4 where=211,124 msg=00000B30
FLAIR-EVT what=3 where=211,124 msg=00000231
TENANT-EVT what=3
TENANT-GATE ax=0x0033 win=1 x=1 y=16 s="01_                                                                          " fg=1 bg=0 -> 0
FLAIR-EVT what=4 where=211,124 msg=00000231
FLAIR-EVT what=3 where=211,124 msg=00000332
TENANT-EVT what=3
TENANT-GATE ax=0x0033 win=1 x=1 y=16 s="012_                                                                         " fg=1 bg=0 -> 0
FLAIR-EVT what=4 where=211,124 msg=00000332
FLAIR-EVT what=3 where=211,124 msg=00000433
TENANT-EVT what=3
TENANT-GATE ax=0x0033 win=1 x=1 y=16 s="0123_                                                                        " fg=1 bg=0 -> 0
FLAIR-EVT what=4 where=211,124 msg=00000433
FLAIR-EVT what=3 where=211,124 msg=00000534
TENANT-EVT what=3
TENANT-GATE ax=0x0033 win=1 x=1 y=16 s="01234_                                                                       " fg=1 bg=0 -> 0
FLAIR-EVT what=4 where=211,124 msg=00000534
FLAIR-EVT what=3 where=211,124 msg=00000635
TENANT-EVT what=3
TENANT-GATE ax=0x0033 win=1 x=1 y=16 s="012345_                                                                      " fg=1 bg=0 -> 0
FLAIR-EVT what=4 where=211,124 msg=00000635
FLAIR-EVT what=3 where=211,124 msg=00000736
TENANT-EVT what=3
TENANT-GATE ax=0x0033 win=1 x=1 y=16 s="0123456_                                                                     " fg=1 bg=0 -> 0
FLAIR-EVT what=4 where=211,124 msg=00000736
FLAIR-EVT what=3 where=211,124 msg=00000837
TENANT-EVT what=3
TENANT-GATE ax=0x0033 win=1 x=1 y=16 s="01234567_                                                                    " fg=1 bg=0 -> 0
FLAIR-EVT what=4 where=211,124 msg=00000837
FLAIR-EVT what=3 where=211,124 msg=00000938
TENANT-EVT what=3
TENANT-GATE ax=0x0033 win=1 x=1 y=16 s="012345678_                                                                   " fg=1 bg=0 -> 0
FLAIR-EVT what=4 where=211,124 msg=00000938
FLAIR-EVT what=3 where=211,124 msg=00000A39
TENANT-EVT what=3
TENANT-GATE ax=0x0033 win=1 x=1 y=16 s="0123456789_                                                                  " fg=1 bg=0 -> 0
FLAIR-EVT what=4 where=211,124 msg=00000A39
FLAIR-EVT what=3 where=211,124 msg=00000B30
TENANT-EVT what=3
TENANT-GATE ax=0x0033 win=1 x=1 y=16 s="01234567890_                                                                 " fg=1 bg=0 -> 0
FLAIR-EVT what=4 where=211,124 msg=00000B30
FLAIR-EVT what=3 where=211,124 msg=00000231
TENANT-EVT what=3
TENANT-GATE ax=0x0033 win=1 x=1 y=16 s="012345678901_                                                                " fg=1 bg=0 -> 0
FLAIR-EVT what=4 where=211,124 msg=00000231
FLAIR-EVT what=3 where=211,124 msg=00000332
TENANT-EVT what=3
TENANT-GATE ax=0x0033 win=1 x=1 y=16 s="0123456789012_                                                               " fg=1 bg=0 -> 0
FLAIR-EVT what=4 where=211,124 msg=00000332
FLAIR-EVT what=3 where=211,124 msg=00000433
TENANT-EVT what=3
TENANT-GATE ax=0x0033 win=1 x=1 y=16 s="01234567890123_                                                              " fg=1 bg=0 -> 0
FLAIR-EVT what=4 where=211,124 msg=00000433
FLAIR-EVT what=3 where=211,124 msg=00000534
TENANT-EVT what=3
TENANT-GATE ax=0x0033 win=1 x=1 y=16 s="012345678901234_                                                             " fg=1 bg=0 -> 0
FLAIR-EVT what=4 where=211,124 msg=00000534
FLAIR-EVT what=3 where=211,124 msg=00000635
TENANT-EVT what=3
TENANT-GATE ax=0x0033 win=1 x=1 y=16 s="0123456789012345_                                                            " fg=1 bg=0 -> 0
FLAIR-EVT what=4 where=211,124 msg=00000635
FLAIR-EVT what=3 where=211,124 msg=00000736
TENANT-EVT what=3
TENANT-GATE ax=0x0033 win=1 x=1 y=16 s="01234567890123456_                                                           " fg=1 bg=0 -> 0
FLAIR-EVT what=4 where=211,124 msg=00000736
FLAIR-EVT what=3 where=211,124 msg=00000837
TENANT-EVT what=3
TENANT-GATE ax=0x0033 win=1 x=1 y=16 s="012345678901234567_                                                          " fg=1 bg=0 -> 0
FLAIR-EVT what=4 where=211,124 msg=00000837
FLAIR-EVT what=3 where=211,124 msg=00000938
TENANT-EVT what=3
TENANT-GATE ax=0x0033 win=1 x=1 y=16 s="0123456789012345678_                                                         " fg=1 bg=0 -> 0
FLAIR-EVT what=4 where=211,124 msg=00000938
FLAIR-EVT what=3 where=211,124 msg=00000A39
TENANT-EVT what=3
TENANT-GATE ax=0x0033 win=1 x=1 y=16 s="01234567890123456789_                                                        " fg=1 bg=0 -> 0
FLAIR-EVT what=4 where=211,124 msg=00000A39
FLAIR-EVT what=3 where=211,124 msg=00000B30
TENANT-EVT what=3
TENANT-GATE ax=0x0033 win=1 x=1 y=16 s="012345678901234567890_                                                       " fg=1 bg=0 -> 0
FLAIR-EVT what=4 where=211,124 msg=00000B30
FLAIR-EVT what=3 where=211,124 msg=00000231
TENANT-EVT what=3
TENANT-GATE ax=0x0033 win=1 x=1 y=16 s="0123456789012345678901_                                                      " fg=1 bg=0 -> 0
FLAIR-EVT what=4 where=211,124 msg=00000231
FLAIR-EVT what=3 where=211,124 msg=00000332
TENANT-EVT what=3
TENANT-GATE ax=0x0033 win=1 x=1 y=16 s="01234567890123456789012_                                                     " fg=1 bg=0 -> 0
FLAIR-EVT what=4 where=211,124 msg=00000332
FLAIR-EVT what=3 where=211,124 msg=00000433
TENANT-EVT what=3
TENANT-GATE ax=0x0033 win=1 x=1 y=16 s="012345678901234567890123_                                                    " fg=1 bg=0 -> 0
FLAIR-EVT what=4 where=211,124 msg=00000433
FLAIR-EVT what=3 where=211,124 msg=00000534
TENANT-EVT what=3
TENANT-GATE ax=0x0033 win=1 x=1 y=16 s="0123456789012345678901234_                                                   " fg=1 bg=0 -> 0
FLAIR-EVT what=4 where=211,124 msg=00000534
FLAIR-EVT what=3 where=211,124 msg=00000635
TENANT-EVT what=3
TENANT-GATE ax=0x0033 win=1 x=1 y=16 s="01234567890123456789012345_                                                  " fg=1 bg=0 -> 0
FLAIR-EVT what=4 where=211,124 msg=00000635
FLAIR-EVT what=3 where=211,124 msg=00000736
TENANT-EVT what=3
TENANT-GATE ax=0x0033 win=1 x=1 y=16 s="012345678901234567890123456_                                                 " fg=1 bg=0 -> 0
FLAIR-EVT what=4 where=211,124 msg=00000736
FLAIR-EVT what=3 where=211,124 msg=00000837
TENANT-EVT what=3
TENANT-GATE ax=0x0033 win=1 x=1 y=16 s="0123456789012345678901234567_                                                " fg=1 bg=0 -> 0
FLAIR-EVT what=4 where=211,124 msg=00000837
FLAIR-EVT what=3 where=211,124 msg=00000938
TENANT-EVT what=3
TENANT-GATE ax=0x0033 win=1 x=1 y=16 s="01234567890123456789012345678_                                               " fg=1 bg=0 -> 0
FLAIR-EVT what=4 where=211,124 msg=00000938
FLAIR-EVT what=3 where=211,124 msg=00000A39
TENANT-EVT what=3
TENANT-GATE ax=0x0033 win=1 x=1 y=16 s="012345678901234567890123456789_                                              " fg=1 bg=0 -> 0
FLAIR-EVT what=4 where=211,124 msg=00000A39
FLAIR-EVT what=3 where=211,124 msg=00000B30
TENANT-EVT what=3
TENANT-GATE ax=0x0033 win=1 x=1 y=16 s="0123456789012345678901234567890_                                             " fg=1 bg=0 -> 0
FLAIR-EVT what=4 where=211,124 msg=00000B30
FLAIR-EVT what=3 where=211,124 msg=00000231
TENANT-EVT what=3
TENANT-GATE ax=0x0033 win=1 x=1 y=16 s="01234567890123456789012345678901_                                            " fg=1 bg=0 -> 0
FLAIR-EVT what=4 where=211,124 msg=00000231
FLAIR-EVT what=3 where=211,124 msg=00000332
TENANT-EVT what=3
TENANT-GATE ax=0x0033 win=1 x=1 y=16 s="012345678901234567890123456789012_                                           " fg=1 bg=0 -> 0
FLAIR-EVT what=4 where=211,124 msg=00000332
FLAIR-EVT what=3 where=211,124 msg=00000433
TENANT-EVT what=3
TENANT-GATE ax=0x0033 win=1 x=1 y=16 s="0123456789012345678901234567890123_                                          " fg=1 bg=0 -> 0
FLAIR-EVT what=4 where=211,124 msg=00000433
FLAIR-EVT what=3 where=211,124 msg=00000534
TENANT-EVT what=3
TENANT-GATE ax=0x0033 win=1 x=1 y=16 s="01234567890123456789012345678901234_                                         " fg=1 bg=0 -> 0
FLAIR-EVT what=4 where=211,124 msg=00000534
FLAIR-EVT what=3 where=211,124 msg=00000635
TENANT-EVT what=3
TENANT-GATE ax=0x0033 win=1 x=1 y=16 s="012345678901234567890123456789012345_                                        " fg=1 bg=0 -> 0
FLAIR-EVT what=4 where=211,124 msg=00000635
FLAIR-EVT what=3 where=211,124 msg=00000736
TENANT-EVT what=3
TENANT-GATE ax=0x0033 win=1 x=1 y=16 s="0123456789012345678901234567890123456_                                       " fg=1 bg=0 -> 0
FLAIR-EVT what=4 where=211,124 msg=00000736
FLAIR-EVT what=3 where=211,124 msg=00000837
TENANT-EVT what=3
TENANT-GATE ax=0x0033 win=1 x=1 y=16 s="01234567890123456789012345678901234567_                                      " fg=1 bg=0 -> 0
FLAIR-EVT what=4 where=211,124 msg=00000837
FLAIR-EVT what=3 where=211,124 msg=00000938
TENANT-EVT what=3
TENANT-GATE ax=0x0033 win=1 x=1 y=16 s="012345678901234567890123456789012345678_                                     " fg=1 bg=0 -> 0
FLAIR-EVT what=4 where=211,124 msg=00000938
FLAIR-EVT what=3 where=211,124 msg=00000A39
TENANT-EVT what=3
TENANT-GATE ax=0x0033 win=1 x=1 y=16 s="0123456789012345678901234567890123456789_                                    " fg=1 bg=0 -> 0
FLAIR-EVT what=4 where=211,124 msg=00000A39
FLAIR-EVT what=3 where=211,124 msg=00000B30
TENANT-EVT what=3
TENANT-GATE ax=0x0033 win=1 x=1 y=16 s="01234567890123456789012345678901234567890_                                   " fg=1 bg=0 -> 0
FLAIR-EVT what=4 where=211,124 msg=00000B30
FLAIR-EVT what=3 where=211,124 msg=00000231
TENANT-EVT what=3
TENANT-GATE ax=0x0033 win=1 x=1 y=16 s="012345678901234567890123456789012345678901_                                  " fg=1 bg=0 -> 0
FLAIR-EVT what=4 where=211,124 msg=00000231
FLAIR-EVT what=3 where=211,124 msg=00000332
TENANT-EVT what=3
TENANT-GATE ax=0x0033 win=1 x=1 y=16 s="0123456789012345678901234567890123456789012_                                 " fg=1 bg=0 -> 0
FLAIR-EVT what=4 where=211,124 msg=00000332
FLAIR-EVT what=3 where=211,124 msg=00000433
TENANT-EVT what=3
TENANT-GATE ax=0x0033 win=1 x=1 y=16 s="01234567890123456789012345678901234567890123_                                " fg=1 bg=0 -> 0
FLAIR-EVT what=4 where=211,124 msg=00000433
FLAIR-EVT what=3 where=211,124 msg=00000534
TENANT-EVT what=3
TENANT-GATE ax=0x0033 win=1 x=1 y=16 s="012345678901234567890123456789012345678901234_                               " fg=1 bg=0 -> 0
FLAIR-EVT what=4 where=211,124 msg=00000534
FLAIR-EVT what=3 where=211,124 msg=00000635
TENANT-EVT what=3
TENANT-GATE ax=0x0033 win=1 x=1 y=16 s="0123456789012345678901234567890123456789012345_                              " fg=1 bg=0 -> 0
FLAIR-EVT what=4 where=211,124 msg=00000635
FLAIR-EVT what=3 where=211,124 msg=00000736
TENANT-EVT what=3
TENANT-GATE ax=0x0033 win=1 x=1 y=16 s="01234567890123456789012345678901234567890123456_                             " fg=1 bg=0 -> 0
FLAIR-EVT what=4 where=211,124 msg=00000736
FLAIR-EVT what=3 where=211,124 msg=00000837
TENANT-EVT what=3
TENANT-GATE ax=0x0033 win=1 x=1 y=16 s="012345678901234567890123456789012345678901234567_                            " fg=1 bg=0 -> 0
FLAIR-EVT what=4 where=211,124 msg=00000837
FLAIR-EVT what=3 where=211,124 msg=00000938
TENANT-EVT what=3
TENANT-GATE ax=0x0033 win=1 x=1 y=16 s="0123456789012345678901234567890123456789012345678_                           " fg=1 bg=0 -> 0
FLAIR-EVT what=4 where=211,124 msg=00000938
FLAIR-EVT what=3 where=211,124 msg=00000A39
TENANT-EVT what=3
TENANT-GATE ax=0x0033 win=1 x=1 y=16 s="01234567890123456789012345678901234567890123456789_                          " fg=1 bg=0 -> 0
FLAIR-EVT what=4 where=211,124 msg=00000A39
FLAIR-EVT what=3 where=211,124 msg=00000B30
TENANT-EVT what=3
TENANT-GATE ax=0x0033 win=1 x=1 y=16 s="012345678901234567890123456789012345678901234567890_                         " fg=1 bg=0 -> 0
FLAIR-EVT what=4 where=211,124 msg=00000B30
FLAIR-EVT what=3 where=211,124 msg=00000231
TENANT-EVT what=3
TENANT-GATE ax=0x0033 win=1 x=1 y=16 s="0123456789012345678901234567890123456789012345678901_                        " fg=1 bg=0 -> 0
FLAIR-EVT what=4 where=211,124 msg=00000231
FLAIR-EVT what=3 where=211,124 msg=00000332
TENANT-EVT what=3
TENANT-GATE ax=0x0033 win=1 x=1 y=16 s="01234567890123456789012345678901234567890123456789012_                       " fg=1 bg=0 -> 0
FLAIR-EVT what=4 where=211,124 msg=00000332
FLAIR-EVT what=3 where=211,124 msg=00000433
TENANT-EVT what=3
TENANT-GATE ax=0x0033 win=1 x=1 y=16 s="012345678901234567890123456789012345678901234567890123_                      " fg=1 bg=0 -> 0
FLAIR-EVT what=4 where=211,124 msg=00000433
FLAIR-EVT what=3 where=211,124 msg=00000534
TENANT-EVT what=3
TENANT-GATE ax=0x0033 win=1 x=1 y=16 s="0123456789012345678901234567890123456789012345678901234_                     " fg=1 bg=0 -> 0
FLAIR-EVT what=4 where=211,124 msg=00000534
FLAIR-EVT what=3 where=211,124 msg=00000635
TENANT-EVT what=3
TENANT-GATE ax=0x0033 win=1 x=1 y=16 s="01234567890123456789012345678901234567890123456789012345_                    " fg=1 bg=0 -> 0
FLAIR-EVT what=4 where=211,124 msg=00000635
FLAIR-EVT what=3 where=211,124 msg=00000736
TENANT-EVT what=3
TENANT-GATE ax=0x0033 win=1 x=1 y=16 s="012345678901234567890123456789012345678901234567890123456_                   " fg=1 bg=0 -> 0
FLAIR-EVT what=4 where=211,124 msg=00000736
FLAIR-EVT what=3 where=211,124 msg=00000837
TENANT-EVT what=3
TENANT-GATE ax=0x0033 win=1 x=1 y=16 s="0123456789012345678901234567890123456789012345678901234567_                  " fg=1 bg=0 -> 0
FLAIR-EVT what=4 where=211,124 msg=00000837
FLAIR-EVT what=3 where=211,124 msg=00000938
TENANT-EVT what=3
TENANT-GATE ax=0x0033 win=1 x=1 y=16 s="01234567890123456789012345678901234567890123456789012345678_                 " fg=1 bg=0 -> 0
FLAIR-EVT what=4 where=211,124 msg=00000938
FLAIR-EVT what=3 where=211,124 msg=00000A39
TENANT-EVT what=3
TENANT-GATE ax=0x0033 win=1 x=1 y=16 s="012345678901234567890123456789012345678901234567890123456789_                " fg=1 bg=0 -> 0
FLAIR-EVT what=4 where=211,124 msg=00000A39
FLAIR-EVT what=3 where=211,124 msg=00000B30
TENANT-EVT what=3
TENANT-GATE ax=0x0033 win=1 x=1 y=16 s="0123456789012345678901234567890123456789012345678901234567890_               " fg=1 bg=0 -> 0
FLAIR-EVT what=4 where=211,124 msg=00000B30
FLAIR-EVT what=3 where=211,124 msg=00000231
TENANT-EVT what=3
TENANT-GATE ax=0x0033 win=1 x=1 y=16 s="01234567890123456789012345678901234567890123456789012345678901_              " fg=1 bg=0 -> 0
FLAIR-EVT what=4 where=211,124 msg=00000231
FLAIR-EVT what=3 where=211,124 msg=00000332
TENANT-EVT what=3
TENANT-GATE ax=0x0033 win=1 x=1 y=16 s="012345678901234567890123456789012345678901234567890123456789012_             " fg=1 bg=0 -> 0
FLAIR-EVT what=4 where=211,124 msg=00000332
FLAIR-EVT what=3 where=211,124 msg=00000433
TENANT-EVT what=3
TENANT-GATE ax=0x0033 win=1 x=1 y=16 s="0123456789012345678901234567890123456789012345678901234567890123_            " fg=1 bg=0 -> 0
FLAIR-EVT what=4 where=211,124 msg=00000433
FLAIR-EVT what=3 where=211,124 msg=00000534
TENANT-EVT what=3
TENANT-GATE ax=0x0033 win=1 x=1 y=16 s="01234567890123456789012345678901234567890123456789012345678901234_           " fg=1 bg=0 -> 0
FLAIR-EVT what=4 where=211,124 msg=00000534
FLAIR-EVT what=3 where=211,124 msg=00000635
TENANT-EVT what=3
TENANT-GATE ax=0x0033 win=1 x=1 y=16 s="012345678901234567890123456789012345678901234567890123456789012345_          " fg=1 bg=0 -> 0
FLAIR-EVT what=4 where=211,124 msg=00000635
FLAIR-EVT what=3 where=211,124 msg=00000736
TENANT-EVT what=3
TENANT-GATE ax=0x0033 win=1 x=1 y=16 s="0123456789012345678901234567890123456789012345678901234567890123456_         " fg=1 bg=0 -> 0
FLAIR-EVT what=4 where=211,124 msg=00000736
FLAIR-EVT what=3 where=211,124 msg=00000837
TENANT-EVT what=3
TENANT-GATE ax=0x0033 win=1 x=1 y=16 s="01234567890123456789012345678901234567890123456789012345678901234567_        " fg=1 bg=0 -> 0
FLAIR-EVT what=4 where=211,124 msg=00000837
FLAIR-EVT what=3 where=211,124 msg=00000938
TENANT-EVT what=3
TENANT-GATE ax=0x0033 win=1 x=1 y=16 s="012345678901234567890123456789012345678901234567890123456789012345678_       " fg=1 bg=0 -> 0
FLAIR-EVT what=4 where=211,124 msg=00000938
FLAIR-EVT what=3 where=211,124 msg=00000A39
TENANT-EVT what=3
TENANT-GATE ax=0x0033 win=1 x=1 y=16 s="0123456789012345678901234567890123456789012345678901234567890123456789_      " fg=1 bg=0 -> 0
FLAIR-EVT what=4 where=211,124 msg=00000A39
FLAIR-EVT what=3 where=211,124 msg=00000B30
TENANT-EVT what=3
TENANT-GATE ax=0x0033 win=1 x=1 y=16 s="01234567890123456789012345678901234567890123456789012345678901234567890_     " fg=1 bg=0 -> 0
FLAIR-EVT what=4 where=211,124 msg=00000B30
FLAIR-EVT what=3 where=211,124 msg=00000231
TENANT-EVT what=3
TENANT-GATE ax=0x0033 win=1 x=1 y=16 s="012345678901234567890123456789012345678901234567890123456789012345678901_    " fg=1 bg=0 -> 0
FLAIR-EVT what=4 where=211,124 msg=00000231
FLAIR-EVT what=3 where=211,124 msg=00000332
TENANT-EVT what=3
TENANT-GATE ax=0x0033 win=1 x=1 y=16 s="0123456789012345678901234567890123456789012345678901234567890123456789012_   " fg=1 bg=0 -> 0
FLAIR-EVT what=4 where=211,124 msg=00000332
FLAIR-EVT what=3 where=211,124 msg=00000433
TENANT-EVT what=3
TENANT-GATE ax=0x0033 win=1 x=1 y=16 s="01234567890123456789012345678901234567890123456789012345678901234567890123_  " fg=1 bg=0 -> 0
FLAIR-EVT what=4 where=211,124 msg=00000433
FLAIR-EVT what=3 where=211,124 msg=00000534
TENANT-EVT what=3
TENANT-GATE ax=0x0033 win=1 x=1 y=16 s="012345678901234567890123456789012345678901234567890123456789012345678901234_ " fg=1 bg=0 -> 0
FLAIR-EVT what=4 where=211,124 msg=00000534
FLAIR-EVT what=3 where=211,124 msg=00000635
TENANT-EVT what=3
FLAIR-EVT what=4 where=211,124 msg=00000635
FLAIR-EVT what=3 where=211,124 msg=00000736
TENANT-EVT what=3
FLAIR-EVT what=4 where=211,124 msg=00000736
FLAIR-EVT what=3 where=211,124 msg=00000837
TENANT-EVT what=3
FLAIR-EVT what=4 where=211,124 msg=00000837
FLAIR-EVT what=3 where=211,124 msg=00000938
TENANT-EVT what=3
FLAIR-EVT what=4 where=211,124 msg=00000938
FLAIR-EVT what=3 where=211,124 msg=00000A39
TENANT-EVT what=3
FLAIR-EVT what=4 where=211,124 msg=00000A39
FLAIR-EVT what=3 where=211,124 msg=00000B30
TENANT-EVT what=3
FLAIR-EVT what=4 where=211,124 msg=00000B30
FLAIR-EVT what=3 where=211,124 msg=00000231
TENANT-EVT what=3
FLAIR-EVT what=4 where=211,124 msg=00000231
FLAIR-EVT what=3 where=211,124 msg=00000332
TENANT-EVT what=3
FLAIR-EVT what=4 where=211,124 msg=00000332
FLAIR-EVT what=3 where=211,124 msg=00000433
TENANT-EVT what=3
FLAIR-EVT what=4 where=211,124 msg=00000433
FLAIR-EVT what=3 where=211,124 msg=00000534
TENANT-EVT what=3
FLAIR-EVT what=4 where=211,124 msg=00000534
FLAIR-EVT what=3 where=211,124 msg=00000635
TENANT-EVT what=3
FLAIR-EVT what=4 where=211,124 msg=00000635
FLAIR-EVT what=3 where=211,124 msg=00000736
TENANT-EVT what=3
FLAIR-EVT what=4 where=211,124 msg=00000736
FLAIR-EVT what=3 where=211,124 msg=00000837
TENANT-EVT what=3
FLAIR-EVT what=4 where=211,124 msg=00000837
FLAIR-EVT what=3 where=211,124 msg=00000938
TENANT-EVT what=3
FLAIR-EVT what=4 where=211,124 msg=00000938
FLAIR-EVT what=3 where=211,124 msg=00000A39
TENANT-EVT what=3
FLAIR-EVT what=4 where=211,124 msg=00000A39
FLAIR-EVT what=3 where=211,124 msg=00000B30
TENANT-EVT what=3
FLAIR-EVT what=4 where=211,124 msg=00000B30
FLAIR-EVT what=3 where=211,124 msg=00000231
TENANT-EVT what=3
FLAIR-EVT what=4 where=211,124 msg=00000231
FLAIR-EVT what=3 where=211,124 msg=00000332
TENANT-EVT what=3
FLAIR-EVT what=4 where=211,124 msg=00000332
FLAIR-EVT what=3 where=211,124 msg=00000433
TENANT-EVT what=3
FLAIR-EVT what=4 where=211,124 msg=00000433
FLAIR-EVT what=3 where=211,124 msg=00000534
TENANT-EVT what=3
FLAIR-EVT what=4 where=211,124 msg=00000534
FLAIR-EVT what=3 where=211,124 msg=00000635
TENANT-EVT what=3
FLAIR-EVT what=4 where=211,124 msg=00000635
FLAIR-EVT what=3 where=211,124 msg=00000736
TENANT-EVT what=3
FLAIR-EVT what=4 where=211,124 msg=00000736
FLAIR-EVT what=3 where=211,124 msg=00000837
TENANT-EVT what=3
FLAIR-EVT what=4 where=211,124 msg=00000837
FLAIR-EVT what=3 where=211,124 msg=00000938
TENANT-EVT what=3
FLAIR-EVT what=4 where=211,124 msg=00000938
FLAIR-EVT what=3 where=211,124 msg=00000A39
TENANT-EVT what=3
FLAIR-EVT what=4 where=211,124 msg=00000A39
FLAIR-EVT what=3 where=211,124 msg=00000100
TENANT-EVT what=3
TENANT-GATE ax=0x0033 win=1 x=1 y=0 s="A1:                                                                     " fg=1 bg=0 -> 0
TENANT-GATE ax=0x0033 win=1 x=577 y=0 s="READY" fg=0 bg=3 -> 0
TENANT-GATE ax=0x0033 win=1 x=1 y=16 s="                                                                             " fg=1 bg=0 -> 0
FLAIR-EVT what=4 where=211,124 msg=00000100
FLAIR-EVT what=3 where=211,124 msg=00001E61
TENANT-EVT what=3
TENANT-GATE ax=0x0033 win=1 x=1 y=0 s="A1:                                                                     " fg=1 bg=0 -> 0
TENANT-GATE ax=0x0033 win=1 x=577 y=0 s="LABEL" fg=0 bg=3 -> 0
TENANT-GATE ax=0x0033 win=1 x=1 y=16 s="a_                                                                           " fg=1 bg=0 -> 0
FLAIR-EVT what=4 where=211,124 msg=00001E61
FLAIR-EVT what=3 where=211,124 msg=00003062
TENANT-EVT what=3
TENANT-GATE ax=0x0033 win=1 x=1 y=16 s="ab_                                                                          " fg=1 bg=0 -> 0
FLAIR-EVT what=4 where=211,124 msg=00003062
FLAIR-EVT what=3 where=211,124 msg=00002E63
TENANT-EVT what=3
TENANT-GATE ax=0x0033 win=1 x=1 y=16 s="abc_                                                                         " fg=1 bg=0 -> 0
FLAIR-EVT what=4 where=211,124 msg=00002E63
FLAIR-EVT what=3 where=211,124 msg=00002064
TENANT-EVT what=3
TENANT-GATE ax=0x0033 win=1 x=1 y=16 s="abcd_                                                                        " fg=1 bg=0 -> 0
FLAIR-EVT what=4 where=211,124 msg=00002064
FLAIR-EVT what=3 where=211,124 msg=00001265
TENANT-EVT what=3
TENANT-GATE ax=0x0033 win=1 x=1 y=16 s="abcde_                                                                       " fg=1 bg=0 -> 0
FLAIR-EVT what=4 where=211,124 msg=00001265
FLAIR-EVT what=3 where=211,124 msg=00002166
TENANT-EVT what=3
TENANT-GATE ax=0x0033 win=1 x=1 y=16 s="abcdef_                                                                      " fg=1 bg=0 -> 0
FLAIR-EVT what=4 where=211,124 msg=00002166
FLAIR-EVT what=3 where=211,124 msg=00002267
TENANT-EVT what=3
TENANT-GATE ax=0x0033 win=1 x=1 y=16 s="abcdefg_                                                                     " fg=1 bg=0 -> 0
FLAIR-EVT what=4 where=211,124 msg=00002267
FLAIR-EVT what=3 where=211,124 msg=00002368
TENANT-EVT what=3
TENANT-GATE ax=0x0033 win=1 x=1 y=16 s="abcdefgh_                                                                    " fg=1 bg=0 -> 0
FLAIR-EVT what=4 where=211,124 msg=00002368
FLAIR-EVT what=3 where=211,124 msg=00001769
TENANT-EVT what=3
TENANT-GATE ax=0x0033 win=1 x=1 y=16 s="abcdefghi_                                                                   " fg=1 bg=0 -> 0
FLAIR-EVT what=4 where=211,124 msg=00001769
FLAIR-EVT what=3 where=211,124 msg=0000246A
TENANT-EVT what=3
TENANT-GATE ax=0x0033 win=1 x=1 y=16 s="abcdefghij_                                                                  " fg=1 bg=0 -> 0
FLAIR-EVT what=4 where=211,124 msg=0000246A
FLAIR-EVT what=3 where=211,124 msg=0000256B
TENANT-EVT what=3
TENANT-GATE ax=0x0033 win=1 x=1 y=16 s="abcdefghijk_                                                                 " fg=1 bg=0 -> 0
FLAIR-EVT what=4 where=211,124 msg=0000256B
FLAIR-EVT what=3 where=211,124 msg=0000266C
TENANT-EVT what=3
TENANT-GATE ax=0x0033 win=1 x=1 y=16 s="abcdefghijkl_                                                                " fg=1 bg=0 -> 0
FLAIR-EVT what=4 where=211,124 msg=0000266C
FLAIR-EVT what=3 where=211,124 msg=0000326D
TENANT-EVT what=3
TENANT-GATE ax=0x0033 win=1 x=1 y=16 s="abcdefghijklm_                                                               " fg=1 bg=0 -> 0
FLAIR-EVT what=4 where=211,124 msg=0000326D
FLAIR-EVT what=3 where=211,124 msg=0000316E
TENANT-EVT what=3
TENANT-GATE ax=0x0033 win=1 x=1 y=16 s="abcdefghijklmn_                                                              " fg=1 bg=0 -> 0
FLAIR-EVT what=4 where=211,124 msg=0000316E
FLAIR-EVT what=3 where=211,124 msg=0000186F
TENANT-EVT what=3
TENANT-GATE ax=0x0033 win=1 x=1 y=16 s="abcdefghijklmno_                                                             " fg=1 bg=0 -> 0
FLAIR-EVT what=4 where=211,124 msg=0000186F
FLAIR-EVT what=3 where=211,124 msg=00001970
TENANT-EVT what=3
TENANT-GATE ax=0x0033 win=1 x=1 y=16 s="abcdefghijklmnop_                                                            " fg=1 bg=0 -> 0
FLAIR-EVT what=4 where=211,124 msg=00001970
FLAIR-EVT what=3 where=211,124 msg=00001071
TENANT-EVT what=3
TENANT-GATE ax=0x0033 win=1 x=1 y=16 s="abcdefghijklmnopq_                                                           " fg=1 bg=0 -> 0
FLAIR-EVT what=4 where=211,124 msg=00001071
FLAIR-EVT what=3 where=211,124 msg=00001372
TENANT-EVT what=3
TENANT-GATE ax=0x0033 win=1 x=1 y=16 s="abcdefghijklmnopqr_                                                          " fg=1 bg=0 -> 0
FLAIR-EVT what=4 where=211,124 msg=00001372
FLAIR-EVT what=3 where=211,124 msg=00001F73
TENANT-EVT what=3
TENANT-GATE ax=0x0033 win=1 x=1 y=16 s="abcdefghijklmnopqrs_                                                         " fg=1 bg=0 -> 0
FLAIR-EVT what=4 where=211,124 msg=00001F73
FLAIR-EVT what=3 where=211,124 msg=00001474
TENANT-EVT what=3
TENANT-GATE ax=0x0033 win=1 x=1 y=16 s="abcdefghijklmnopqrst_                                                        " fg=1 bg=0 -> 0
FLAIR-EVT what=4 where=211,124 msg=00001474
FLAIR-EVT what=3 where=211,124 msg=00001675
TENANT-EVT what=3
TENANT-GATE ax=0x0033 win=1 x=1 y=16 s="abcdefghijklmnopqrstu_                                                       " fg=1 bg=0 -> 0
FLAIR-EVT what=4 where=211,124 msg=00001675
FLAIR-EVT what=3 where=211,124 msg=00002F76
TENANT-EVT what=3
TENANT-GATE ax=0x0033 win=1 x=1 y=16 s="abcdefghijklmnopqrstuv_                                                      " fg=1 bg=0 -> 0
FLAIR-EVT what=4 where=211,124 msg=00002F76
FLAIR-EVT what=3 where=211,124 msg=00001177
TENANT-EVT what=3
TENANT-GATE ax=0x0033 win=1 x=1 y=16 s="abcdefghijklmnopqrstuvw_                                                     " fg=1 bg=0 -> 0
FLAIR-EVT what=4 where=211,124 msg=00001177
FLAIR-EVT what=3 where=211,124 msg=00002D78
TENANT-EVT what=3
TENANT-GATE ax=0x0033 win=1 x=1 y=16 s="abcdefghijklmnopqrstuvwx_                                                    " fg=1 bg=0 -> 0
FLAIR-EVT what=4 where=211,124 msg=00002D78
FLAIR-EVT what=3 where=211,124 msg=00001579
TENANT-EVT what=3
TENANT-GATE ax=0x0033 win=1 x=1 y=16 s="abcdefghijklmnopqrstuvwxy_                                                   " fg=1 bg=0 -> 0
FLAIR-EVT what=4 where=211,124 msg=00001579
FLAIR-EVT what=3 where=211,124 msg=00002C7A
TENANT-EVT what=3
TENANT-GATE ax=0x0033 win=1 x=1 y=16 s="abcdefghijklmnopqrstuvwxyz_                                                  " fg=1 bg=0 -> 0
FLAIR-EVT what=4 where=211,124 msg=00002C7A
FLAIR-EVT what=3 where=211,124 msg=00001E61
TENANT-EVT what=3
TENANT-GATE ax=0x0033 win=1 x=1 y=16 s="abcdefghijklmnopqrstuvwxyza_                                                 " fg=1 bg=0 -> 0
FLAIR-EVT what=4 where=211,124 msg=00001E61
FLAIR-EVT what=3 where=211,124 msg=00003062
TENANT-EVT what=3
TENANT-GATE ax=0x0033 win=1 x=1 y=16 s="abcdefghijklmnopqrstuvwxyzab_                                                " fg=1 bg=0 -> 0
FLAIR-EVT what=4 where=211,124 msg=00003062
FLAIR-EVT what=3 where=211,124 msg=00002E63
TENANT-EVT what=3
TENANT-GATE ax=0x0033 win=1 x=1 y=16 s="abcdefghijklmnopqrstuvwxyzabc_                                               " fg=1 bg=0 -> 0
FLAIR-EVT what=4 where=211,124 msg=00002E63
FLAIR-EVT what=3 where=211,124 msg=00002064
TENANT-EVT what=3
TENANT-GATE ax=0x0033 win=1 x=1 y=16 s="abcdefghijklmnopqrstuvwxyzabcd_                                              " fg=1 bg=0 -> 0
FLAIR-EVT what=4 where=211,124 msg=00002064
FLAIR-EVT what=3 where=211,124 msg=00001265
TENANT-EVT what=3
TENANT-GATE ax=0x0033 win=1 x=1 y=16 s="abcdefghijklmnopqrstuvwxyzabcde_                                             " fg=1 bg=0 -> 0
FLAIR-EVT what=4 where=211,124 msg=00001265
FLAIR-EVT what=3 where=211,124 msg=00002166
TENANT-EVT what=3
TENANT-GATE ax=0x0033 win=1 x=1 y=16 s="abcdefghijklmnopqrstuvwxyzabcdef_                                            " fg=1 bg=0 -> 0
FLAIR-EVT what=4 where=211,124 msg=00002166
FLAIR-EVT what=3 where=211,124 msg=00002267
TENANT-EVT what=3
TENANT-GATE ax=0x0033 win=1 x=1 y=16 s="abcdefghijklmnopqrstuvwxyzabcdefg_                                           " fg=1 bg=0 -> 0
FLAIR-EVT what=4 where=211,124 msg=00002267
FLAIR-EVT what=3 where=211,124 msg=00002368
TENANT-EVT what=3
TENANT-GATE ax=0x0033 win=1 x=1 y=16 s="abcdefghijklmnopqrstuvwxyzabcdefgh_                                          " fg=1 bg=0 -> 0
FLAIR-EVT what=4 where=211,124 msg=00002368
FLAIR-EVT what=3 where=211,124 msg=00001769
TENANT-EVT what=3
TENANT-GATE ax=0x0033 win=1 x=1 y=16 s="abcdefghijklmnopqrstuvwxyzabcdefghi_                                         " fg=1 bg=0 -> 0
FLAIR-EVT what=4 where=211,124 msg=00001769
FLAIR-EVT what=3 where=211,124 msg=0000246A
TENANT-EVT what=3
TENANT-GATE ax=0x0033 win=1 x=1 y=16 s="abcdefghijklmnopqrstuvwxyzabcdefghij_                                        " fg=1 bg=0 -> 0
FLAIR-EVT what=4 where=211,124 msg=0000246A
FLAIR-EVT what=3 where=211,124 msg=0000256B
TENANT-EVT what=3
TENANT-GATE ax=0x0033 win=1 x=1 y=16 s="abcdefghijklmnopqrstuvwxyzabcdefghijk_                                       " fg=1 bg=0 -> 0
FLAIR-EVT what=4 where=211,124 msg=0000256B
FLAIR-EVT what=3 where=211,124 msg=0000266C
TENANT-EVT what=3
TENANT-GATE ax=0x0033 win=1 x=1 y=16 s="abcdefghijklmnopqrstuvwxyzabcdefghijkl_                                      " fg=1 bg=0 -> 0
FLAIR-EVT what=4 where=211,124 msg=0000266C
FLAIR-EVT what=3 where=211,124 msg=0000326D
TENANT-EVT what=3
TENANT-GATE ax=0x0033 win=1 x=1 y=16 s="abcdefghijklmnopqrstuvwxyzabcdefghijklm_                                     " fg=1 bg=0 -> 0
FLAIR-EVT what=4 where=211,124 msg=0000326D
FLAIR-EVT what=3 where=211,124 msg=0000316E
TENANT-EVT what=3
TENANT-GATE ax=0x0033 win=1 x=1 y=16 s="abcdefghijklmnopqrstuvwxyzabcdefghijklmn_                                    " fg=1 bg=0 -> 0
FLAIR-EVT what=4 where=211,124 msg=0000316E
FLAIR-EVT what=3 where=211,124 msg=0000186F
TENANT-EVT what=3
TENANT-GATE ax=0x0033 win=1 x=1 y=16 s="abcdefghijklmnopqrstuvwxyzabcdefghijklmno_                                   " fg=1 bg=0 -> 0
FLAIR-EVT what=4 where=211,124 msg=0000186F
FLAIR-EVT what=3 where=211,124 msg=00001970
TENANT-EVT what=3
TENANT-GATE ax=0x0033 win=1 x=1 y=16 s="abcdefghijklmnopqrstuvwxyzabcdefghijklmnop_                                  " fg=1 bg=0 -> 0
FLAIR-EVT what=4 where=211,124 msg=00001970
FLAIR-EVT what=3 where=211,124 msg=00001071
TENANT-EVT what=3
TENANT-GATE ax=0x0033 win=1 x=1 y=16 s="abcdefghijklmnopqrstuvwxyzabcdefghijklmnopq_                                 " fg=1 bg=0 -> 0
FLAIR-EVT what=4 where=211,124 msg=00001071
FLAIR-EVT what=3 where=211,124 msg=00001372
TENANT-EVT what=3
TENANT-GATE ax=0x0033 win=1 x=1 y=16 s="abcdefghijklmnopqrstuvwxyzabcdefghijklmnopqr_                                " fg=1 bg=0 -> 0
FLAIR-EVT what=4 where=211,124 msg=00001372
FLAIR-EVT what=3 where=211,124 msg=00001F73
TENANT-EVT what=3
TENANT-GATE ax=0x0033 win=1 x=1 y=16 s="abcdefghijklmnopqrstuvwxyzabcdefghijklmnopqrs_                               " fg=1 bg=0 -> 0
FLAIR-EVT what=4 where=211,124 msg=00001F73
FLAIR-EVT what=3 where=211,124 msg=00001474
TENANT-EVT what=3
TENANT-GATE ax=0x0033 win=1 x=1 y=16 s="abcdefghijklmnopqrstuvwxyzabcdefghijklmnopqrst_                              " fg=1 bg=0 -> 0
FLAIR-EVT what=4 where=211,124 msg=00001474
FLAIR-EVT what=3 where=211,124 msg=00001675
TENANT-EVT what=3
TENANT-GATE ax=0x0033 win=1 x=1 y=16 s="abcdefghijklmnopqrstuvwxyzabcdefghijklmnopqrstu_                             " fg=1 bg=0 -> 0
FLAIR-EVT what=4 where=211,124 msg=00001675
FLAIR-EVT what=3 where=211,124 msg=00002F76
TENANT-EVT what=3
TENANT-GATE ax=0x0033 win=1 x=1 y=16 s="abcdefghijklmnopqrstuvwxyzabcdefghijklmnopqrstuv_                            " fg=1 bg=0 -> 0
FLAIR-EVT what=4 where=211,124 msg=00002F76
FLAIR-EVT what=3 where=211,124 msg=00001177
TENANT-EVT what=3
TENANT-GATE ax=0x0033 win=1 x=1 y=16 s="abcdefghijklmnopqrstuvwxyzabcdefghijklmnopqrstuvw_                           " fg=1 bg=0 -> 0
FLAIR-EVT what=4 where=211,124 msg=00001177
FLAIR-EVT what=3 where=211,124 msg=00002D78
TENANT-EVT what=3
TENANT-GATE ax=0x0033 win=1 x=1 y=16 s="abcdefghijklmnopqrstuvwxyzabcdefghijklmnopqrstuvwx_                          " fg=1 bg=0 -> 0
FLAIR-EVT what=4 where=211,124 msg=00002D78
FLAIR-EVT what=3 where=211,124 msg=00001579
TENANT-EVT what=3
TENANT-GATE ax=0x0033 win=1 x=1 y=16 s="abcdefghijklmnopqrstuvwxyzabcdefghijklmnopqrstuvwxy_                         " fg=1 bg=0 -> 0
FLAIR-EVT what=4 where=211,124 msg=00001579
FLAIR-EVT what=3 where=211,124 msg=00002C7A
TENANT-EVT what=3
TENANT-GATE ax=0x0033 win=1 x=1 y=16 s="abcdefghijklmnopqrstuvwxyzabcdefghijklmnopqrstuvwxyz_                        " fg=1 bg=0 -> 0
FLAIR-EVT what=4 where=211,124 msg=00002C7A
FLAIR-EVT what=3 where=211,124 msg=00001E61
TENANT-EVT what=3
TENANT-GATE ax=0x0033 win=1 x=1 y=16 s="abcdefghijklmnopqrstuvwxyzabcdefghijklmnopqrstuvwxyza_                       " fg=1 bg=0 -> 0
FLAIR-EVT what=4 where=211,124 msg=00001E61
FLAIR-EVT what=3 where=211,124 msg=00003062
TENANT-EVT what=3
TENANT-GATE ax=0x0033 win=1 x=1 y=16 s="abcdefghijklmnopqrstuvwxyzabcdefghijklmnopqrstuvwxyzab_                      " fg=1 bg=0 -> 0
FLAIR-EVT what=4 where=211,124 msg=00003062
FLAIR-EVT what=3 where=211,124 msg=00002E63
TENANT-EVT what=3
TENANT-GATE ax=0x0033 win=1 x=1 y=16 s="abcdefghijklmnopqrstuvwxyzabcdefghijklmnopqrstuvwxyzabc_                     " fg=1 bg=0 -> 0
FLAIR-EVT what=4 where=211,124 msg=00002E63
FLAIR-EVT what=3 where=211,124 msg=00002064
TENANT-EVT what=3
TENANT-GATE ax=0x0033 win=1 x=1 y=16 s="abcdefghijklmnopqrstuvwxyzabcdefghijklmnopqrstuvwxyzabcd_                    " fg=1 bg=0 -> 0
FLAIR-EVT what=4 where=211,124 msg=00002064
FLAIR-EVT what=3 where=211,124 msg=00001265
TENANT-EVT what=3
TENANT-GATE ax=0x0033 win=1 x=1 y=16 s="abcdefghijklmnopqrstuvwxyzabcdefghijklmnopqrstuvwxyzabcde_                   " fg=1 bg=0 -> 0
FLAIR-EVT what=4 where=211,124 msg=00001265
FLAIR-EVT what=3 where=211,124 msg=00002166
TENANT-EVT what=3
TENANT-GATE ax=0x0033 win=1 x=1 y=16 s="abcdefghijklmnopqrstuvwxyzabcdefghijklmnopqrstuvwxyzabcdef_                  " fg=1 bg=0 -> 0
FLAIR-EVT what=4 where=211,124 msg=00002166
FLAIR-EVT what=3 where=211,124 msg=00002267
TENANT-EVT what=3
TENANT-GATE ax=0x0033 win=1 x=1 y=16 s="abcdefghijklmnopqrstuvwxyzabcdefghijklmnopqrstuvwxyzabcdefg_                 " fg=1 bg=0 -> 0
FLAIR-EVT what=4 where=211,124 msg=00002267
FLAIR-EVT what=3 where=211,124 msg=00002368
TENANT-EVT what=3
TENANT-GATE ax=0x0033 win=1 x=1 y=16 s="abcdefghijklmnopqrstuvwxyzabcdefghijklmnopqrstuvwxyzabcdefgh_                " fg=1 bg=0 -> 0
FLAIR-EVT what=4 where=211,124 msg=00002368
FLAIR-EVT what=3 where=211,124 msg=00001769
TENANT-EVT what=3
TENANT-GATE ax=0x0033 win=1 x=1 y=16 s="abcdefghijklmnopqrstuvwxyzabcdefghijklmnopqrstuvwxyzabcdefghi_               " fg=1 bg=0 -> 0
FLAIR-EVT what=4 where=211,124 msg=00001769
FLAIR-EVT what=3 where=211,124 msg=0000246A
TENANT-EVT what=3
TENANT-GATE ax=0x0033 win=1 x=1 y=16 s="abcdefghijklmnopqrstuvwxyzabcdefghijklmnopqrstuvwxyzabcdefghij_              " fg=1 bg=0 -> 0
FLAIR-EVT what=4 where=211,124 msg=0000246A
FLAIR-EVT what=3 where=211,124 msg=0000256B
TENANT-EVT what=3
TENANT-GATE ax=0x0033 win=1 x=1 y=16 s="abcdefghijklmnopqrstuvwxyzabcdefghijklmnopqrstuvwxyzabcdefghijk_             " fg=1 bg=0 -> 0
FLAIR-EVT what=4 where=211,124 msg=0000256B
FLAIR-EVT what=3 where=211,124 msg=0000266C
TENANT-EVT what=3
TENANT-GATE ax=0x0033 win=1 x=1 y=16 s="abcdefghijklmnopqrstuvwxyzabcdefghijklmnopqrstuvwxyzabcdefghijkl_            " fg=1 bg=0 -> 0
FLAIR-EVT what=4 where=211,124 msg=0000266C
FLAIR-EVT what=3 where=211,124 msg=0000326D
TENANT-EVT what=3
TENANT-GATE ax=0x0033 win=1 x=1 y=16 s="abcdefghijklmnopqrstuvwxyzabcdefghijklmnopqrstuvwxyzabcdefghijklm_           " fg=1 bg=0 -> 0
FLAIR-EVT what=4 where=211,124 msg=0000326D
FLAIR-EVT what=3 where=211,124 msg=0000316E
TENANT-EVT what=3
TENANT-GATE ax=0x0033 win=1 x=1 y=16 s="abcdefghijklmnopqrstuvwxyzabcdefghijklmnopqrstuvwxyzabcdefghijklmn_          " fg=1 bg=0 -> 0
FLAIR-EVT what=4 where=211,124 msg=0000316E
FLAIR-EVT what=3 where=211,124 msg=0000186F
TENANT-EVT what=3
TENANT-GATE ax=0x0033 win=1 x=1 y=16 s="abcdefghijklmnopqrstuvwxyzabcdefghijklmnopqrstuvwxyzabcdefghijklmno_         " fg=1 bg=0 -> 0
FLAIR-EVT what=4 where=211,124 msg=0000186F
FLAIR-EVT what=3 where=211,124 msg=00001970
TENANT-EVT what=3
TENANT-GATE ax=0x0033 win=1 x=1 y=16 s="abcdefghijklmnopqrstuvwxyzabcdefghijklmnopqrstuvwxyzabcdefghijklmnop_        " fg=1 bg=0 -> 0
FLAIR-EVT what=4 where=211,124 msg=00001970
FLAIR-EVT what=3 where=211,124 msg=00001071
TENANT-EVT what=3
TENANT-GATE ax=0x0033 win=1 x=1 y=16 s="abcdefghijklmnopqrstuvwxyzabcdefghijklmnopqrstuvwxyzabcdefghijklmnopq_       " fg=1 bg=0 -> 0
FLAIR-EVT what=4 where=211,124 msg=00001071
FLAIR-EVT what=3 where=211,124 msg=00001372
TENANT-EVT what=3
TENANT-GATE ax=0x0033 win=1 x=1 y=16 s="abcdefghijklmnopqrstuvwxyzabcdefghijklmnopqrstuvwxyzabcdefghijklmnopqr_      " fg=1 bg=0 -> 0
FLAIR-EVT what=4 where=211,124 msg=00001372
FLAIR-EVT what=3 where=211,124 msg=00001F73
TENANT-EVT what=3
TENANT-GATE ax=0x0033 win=1 x=1 y=16 s="abcdefghijklmnopqrstuvwxyzabcdefghijklmnopqrstuvwxyzabcdefghijklmnopqrs_     " fg=1 bg=0 -> 0
FLAIR-EVT what=4 where=211,124 msg=00001F73
FLAIR-EVT what=3 where=211,124 msg=00001474
TENANT-EVT what=3
TENANT-GATE ax=0x0033 win=1 x=1 y=16 s="abcdefghijklmnopqrstuvwxyzabcdefghijklmnopqrstuvwxyzabcdefghijklmnopqrst_    " fg=1 bg=0 -> 0
FLAIR-EVT what=4 where=211,124 msg=00001474
FLAIR-EVT what=3 where=211,124 msg=00001675
TENANT-EVT what=3
TENANT-GATE ax=0x0033 win=1 x=1 y=16 s="abcdefghijklmnopqrstuvwxyzabcdefghijklmnopqrstuvwxyzabcdefghijklmnopqrstu_   " fg=1 bg=0 -> 0
FLAIR-EVT what=4 where=211,124 msg=00001675
FLAIR-EVT what=3 where=211,124 msg=00002F76
TENANT-EVT what=3
TENANT-GATE ax=0x0033 win=1 x=1 y=16 s="abcdefghijklmnopqrstuvwxyzabcdefghijklmnopqrstuvwxyzabcdefghijklmnopqrstuv_  " fg=1 bg=0 -> 0
FLAIR-EVT what=4 where=211,124 msg=00002F76
FLAIR-EVT what=3 where=211,124 msg=00001177
TENANT-EVT what=3
TENANT-GATE ax=0x0033 win=1 x=1 y=16 s="abcdefghijklmnopqrstuvwxyzabcdefghijklmnopqrstuvwxyzabcdefghijklmnopqrstuvw_ " fg=1 bg=0 -> 0
FLAIR-EVT what=4 where=211,124 msg=00001177
FLAIR-EVT what=3 where=211,124 msg=00002D78
TENANT-EVT what=3
FLAIR-EVT what=4 where=211,124 msg=00002D78
FLAIR-EVT what=3 where=211,124 msg=00001579
TENANT-EVT what=3
FLAIR-EVT what=4 where=211,124 msg=00001579
FLAIR-EVT what=3 where=211,124 msg=00002C7A
TENANT-EVT what=3
FLAIR-EVT what=4 where=211,124 msg=00002C7A
FLAIR-EVT what=3 where=211,124 msg=00001E61
TENANT-EVT what=3
FLAIR-EVT what=4 where=211,124 msg=00001E61
FLAIR-EVT what=3 where=211,124 msg=00003062
TENANT-EVT what=3
FLAIR-EVT what=4 where=211,124 msg=00003062
FLAIR-EVT what=3 where=211,124 msg=00002E63
TENANT-EVT what=3
FLAIR-EVT what=4 where=211,124 msg=00002E63
FLAIR-EVT what=3 where=211,124 msg=00002064
TENANT-EVT what=3
FLAIR-EVT what=4 where=211,124 msg=00002064
FLAIR-EVT what=3 where=211,124 msg=00001265
TENANT-EVT what=3
FLAIR-EVT what=4 where=211,124 msg=00001265
FLAIR-EVT what=3 where=211,124 msg=00002166
TENANT-EVT what=3
FLAIR-EVT what=4 where=211,124 msg=00002166
FLAIR-EVT what=3 where=211,124 msg=00002267
TENANT-EVT what=3
FLAIR-EVT what=4 where=211,124 msg=00002267
FLAIR-EVT what=3 where=211,124 msg=00002368
TENANT-EVT what=3
FLAIR-EVT what=4 where=211,124 msg=00002368
FLAIR-EVT what=3 where=211,124 msg=00001769
TENANT-EVT what=3
FLAIR-EVT what=4 where=211,124 msg=00001769
FLAIR-EVT what=3 where=211,124 msg=0000246A
TENANT-EVT what=3
FLAIR-EVT what=4 where=211,124 msg=0000246A
FLAIR-EVT what=3 where=211,124 msg=0000256B
TENANT-EVT what=3
FLAIR-EVT what=4 where=211,124 msg=0000256B
FLAIR-EVT what=3 where=211,124 msg=0000266C
TENANT-EVT what=3
FLAIR-EVT what=4 where=211,124 msg=0000266C
FLAIR-EVT what=3 where=211,124 msg=0000326D
TENANT-EVT what=3
FLAIR-EVT what=4 where=211,124 msg=0000326D
FLAIR-EVT what=3 where=211,124 msg=0000316E
TENANT-EVT what=3
FLAIR-EVT what=4 where=211,124 msg=0000316E
FLAIR-EVT what=3 where=211,124 msg=0000186F
TENANT-EVT what=3
FLAIR-EVT what=4 where=211,124 msg=0000186F
FLAIR-EVT what=3 where=211,124 msg=00001970
TENANT-EVT what=3
FLAIR-EVT what=4 where=211,124 msg=00001970
FLAIR-EVT what=3 where=211,124 msg=00001071
TENANT-EVT what=3
FLAIR-EVT what=4 where=211,124 msg=00001071
FLAIR-EVT what=3 where=211,124 msg=00001372
TENANT-EVT what=3
FLAIR-EVT what=4 where=211,124 msg=00001372
FLAIR-EVT what=3 where=211,124 msg=00001F73
TENANT-EVT what=3
FLAIR-EVT what=4 where=211,124 msg=00001F73
FLAIR-EVT what=3 where=211,124 msg=00001474
TENANT-EVT what=3
FLAIR-EVT what=4 where=211,124 msg=00001474
FLAIR-EVT what=3 where=211,124 msg=00001675
TENANT-EVT what=3
FLAIR-EVT what=4 where=211,124 msg=00001675
FLAIR-EVT what=3 where=211,124 msg=00002F76
TENANT-EVT what=3
FLAIR-EVT what=4 where=211,124 msg=00002F76
FLAIR-EVT what=3 where=211,124 msg=00001177
TENANT-EVT what=3
FLAIR-EVT what=4 where=211,124 msg=00001177
FLAIR-EVT what=3 where=211,124 msg=00002D78
TENANT-EVT what=3
FLAIR-EVT what=4 where=211,124 msg=00002D78
FLAIR-EVT what=3 where=211,124 msg=00001579
TENANT-EVT what=3
FLAIR-EVT what=4 where=211,124 msg=00001579
FLAIR-EVT what=3 where=211,124 msg=00002C7A
TENANT-EVT what=3
FLAIR-EVT what=4 where=211,124 msg=00002C7A
FLAIR-EVT what=3 where=211,124 msg=00001C0A
TENANT-EVT what=3
TENANT-GATE ax=0x0033 win=1 x=1 y=64 s="1   " fg=0 bg=3 -> 0
TENANT-GATE ax=0x0033 win=1 x=33 y=64 s="abcdefghijklmnopqrstuvwxyzabcdefghijklmnopqrstuvwxyzabcdefghijklmnopqrst " fg=1 bg=0 -> 0
TENANT-GATE ax=0x0033 win=1 x=33 y=64 s="abcdefghi" fg=0 bg=3 -> 0
TENANT-GATE ax=0x0033 win=1 x=1 y=0 s="A1: 'abcdefghijklmnopqrstuvwxyzabcdefghijklmnopqrstuvwxyzabcdefghijklmn " fg=1 bg=0 -> 0
TENANT-GATE ax=0x0033 win=1 x=577 y=0 s="READY" fg=0 bg=3 -> 0
TENANT-GATE ax=0x0033 win=1 x=1 y=16 s="                                                                             " fg=1 bg=0 -> 0
FLAIR-EVT what=4 where=211,124 msg=00001C0A
FLAIR-EVT what=3 where=211,124 msg=00004D00
TENANT-EVT what=3
TENANT-GATE ax=0x0033 win=1 x=1 y=64 s="1   " fg=0 bg=3 -> 0
TENANT-GATE ax=0x0033 win=1 x=33 y=64 s="abcdefghijklmnopqrstuvwxyzabcdefghijklmnopqrstuvwxyzabcdefghijklmnopqrst " fg=1 bg=0 -> 0
TENANT-GATE ax=0x0033 win=1 x=105 y=64 s="         " fg=0 bg=3 -> 0
TENANT-GATE ax=0x0033 win=1 x=1 y=0 s="B1:                                                                     " fg=1 bg=0 -> 0
TENANT-GATE ax=0x0033 win=1 x=577 y=0 s="READY" fg=0 bg=3 -> 0
FLAIR-EVT what=4 where=211,124 msg=00004D00
FLAIR-EVT what=3 where=211,124 msg=00002827
TENANT-EVT what=3
TENANT-GATE ax=0x0033 win=1 x=1 y=0 s="B1:                                                                     " fg=1 bg=0 -> 0
TENANT-GATE ax=0x0033 win=1 x=577 y=0 s="LABEL" fg=0 bg=3 -> 0
TENANT-GATE ax=0x0033 win=1 x=1 y=16 s="'_                                                                           " fg=1 bg=0 -> 0
FLAIR-EVT what=4 where=211,124 msg=00002827
FLAIR-EVT what=3 where=211,124 msg=00001352
TENANT-EVT what=3
TENANT-GATE ax=0x0033 win=1 x=1 y=16 s="'R_                                                                          " fg=1 bg=0 -> 0
FLAIR-EVT what=4 where=211,124 msg=00001352
FLAIR-EVT what=3 where=211,124 msg=00001749
TENANT-EVT what=3
TENANT-GATE ax=0x0033 win=1 x=1 y=16 s="'RI_                                                                         " fg=1 bg=0 -> 0
FLAIR-EVT what=4 where=211,124 msg=00001749
FLAIR-EVT what=3 where=211,124 msg=00002247
TENANT-EVT what=3
TENANT-GATE ax=0x0033 win=1 x=1 y=16 s="'RIG_                                                                        " fg=1 bg=0 -> 0
FLAIR-EVT what=4 where=211,124 msg=00002247
FLAIR-EVT what=3 where=211,124 msg=00002348
TENANT-EVT what=3
TENANT-GATE ax=0x0033 win=1 x=1 y=16 s="'RIGH_                                                                       " fg=1 bg=0 -> 0
FLAIR-EVT what=4 where=211,124 msg=00002348
FLAIR-EVT what=3 where=211,124 msg=00001454
TENANT-EVT what=3
TENANT-GATE ax=0x0033 win=1 x=1 y=16 s="'RIGHT_                                                                      " fg=1 bg=0 -> 0
FLAIR-EVT what=4 where=211,124 msg=00001454
FLAIR-EVT what=3 where=211,124 msg=00000100
TENANT-EVT what=3
TENANT-GATE ax=0x0033 win=1 x=1 y=0 s="B1:                                                                     " fg=1 bg=0 -> 0
TENANT-GATE ax=0x0033 win=1 x=577 y=0 s="READY" fg=0 bg=3 -> 0
TENANT-GATE ax=0x0033 win=1 x=1 y=16 s="                                                                             " fg=1 bg=0 -> 0
FLAIR-EVT what=4 where=211,124 msg=00000100
FLAIR-EVT what=3 where=211,124 msg=00005000
TENANT-EVT what=3
TENANT-GATE ax=0x0033 win=1 x=1 y=64 s="1   " fg=0 bg=3 -> 0
TENANT-GATE ax=0x0033 win=1 x=33 y=64 s="abcdefghijklmnopqrstuvwxyzabcdefghijklmnopqrstuvwxyzabcdefghijklmnopqrst " fg=1 bg=0 -> 0
TENANT-GATE ax=0x0033 win=1 x=105 y=80 s="         " fg=0 bg=3 -> 0
TENANT-GATE ax=0x0033 win=1 x=1 y=0 s="B2:                                                                     " fg=1 bg=0 -> 0
TENANT-GATE ax=0x0033 win=1 x=577 y=0 s="READY" fg=0 bg=3 -> 0
FLAIR-EVT what=4 where=211,124 msg=00005000
FLAIR-EVT what=3 where=211,124 msg=00002822
TENANT-EVT what=3
TENANT-GATE ax=0x0033 win=1 x=1 y=0 s="B2:                                                                     " fg=1 bg=0 -> 0
TENANT-GATE ax=0x0033 win=1 x=577 y=0 s="LABEL" fg=0 bg=3 -> 0
TENANT-GATE ax=0x0033 win=1 x=1 y=16 s=""_                                                                           " fg=1 bg=0 -> 0
FLAIR-EVT what=4 where=211,124 msg=00002822
FLAIR-EVT what=3 where=211,124 msg=00001352
TENANT-EVT what=3
TENANT-GATE ax=0x0033 win=1 x=1 y=16 s=""R_                                                                          " fg=1 bg=0 -> 0
FLAIR-EVT what=4 where=211,124 msg=00001352
FLAIR-EVT what=3 where=211,124 msg=00001769
TENANT-EVT what=3
TENANT-GATE ax=0x0033 win=1 x=1 y=16 s=""Ri_                                                                         " fg=1 bg=0 -> 0
FLAIR-EVT what=4 where=211,124 msg=00001769
FLAIR-EVT what=3 where=211,124 msg=00002267
TENANT-EVT what=3
TENANT-GATE ax=0x0033 win=1 x=1 y=16 s=""Rig_                                                                        " fg=1 bg=0 -> 0
FLAIR-EVT what=4 where=211,124 msg=00002267
FLAIR-EVT what=3 where=211,124 msg=00002368
TENANT-EVT what=3
TENANT-GATE ax=0x0033 win=1 x=1 y=16 s=""Righ_                                                                       " fg=1 bg=0 -> 0
FLAIR-EVT what=4 where=211,124 msg=00002368
FLAIR-EVT what=3 where=211,124 msg=00001474
TENANT-EVT what=3
TENANT-GATE ax=0x0033 win=1 x=1 y=16 s=""Right_                                                                      " fg=1 bg=0 -> 0
FLAIR-EVT what=4 where=211,124 msg=00001474
FLAIR-EVT what=3 where=211,124 msg=00001C0A
TENANT-EVT what=3
TENANT-GATE ax=0x0033 win=1 x=1 y=80 s="2   " fg=0 bg=3 -> 0
TENANT-GATE ax=0x0033 win=1 x=33 y=80 s="            Right                                                        " fg=1 bg=0 -> 0
TENANT-GATE ax=0x0033 win=1 x=105 y=80 s="   Right " fg=0 bg=3 -> 0
TENANT-GATE ax=0x0033 win=1 x=1 y=0 s="B2: "Right                                                              " fg=1 bg=0 -> 0
TENANT-GATE ax=0x0033 win=1 x=577 y=0 s="READY" fg=0 bg=3 -> 0
TENANT-GATE ax=0x0033 win=1 x=1 y=16 s="                                                                             " fg=1 bg=0 -> 0
FLAIR-EVT what=4 where=211,124 msg=00001C0A
FLAIR-EVT what=3 where=211,124 msg=00004D00
TENANT-EVT what=3
TENANT-GATE ax=0x0033 win=1 x=1 y=80 s="2   " fg=0 bg=3 -> 0
TENANT-GATE ax=0x0033 win=1 x=33 y=80 s="            Right                                                        " fg=1 bg=0 -> 0
TENANT-GATE ax=0x0033 win=1 x=177 y=80 s="         " fg=0 bg=3 -> 0
TENANT-GATE ax=0x0033 win=1 x=1 y=0 s="C2:                                                                     " fg=1 bg=0 -> 0
TENANT-GATE ax=0x0033 win=1 x=577 y=0 s="READY" fg=0 bg=3 -> 0
FLAIR-EVT what=4 where=211,124 msg=00004D00
FLAIR-EVT what=3 where=211,124 msg=00004D00
TENANT-EVT what=3
TENANT-GATE ax=0x0033 win=1 x=1 y=80 s="2   " fg=0 bg=3 -> 0
TENANT-GATE ax=0x0033 win=1 x=33 y=80 s="            Right                                                        " fg=1 bg=0 -> 0
TENANT-GATE ax=0x0033 win=1 x=249 y=80 s="         " fg=0 bg=3 -> 0
TENANT-GATE ax=0x0033 win=1 x=1 y=0 s="D2:                                                                     " fg=1 bg=0 -> 0
TENANT-GATE ax=0x0033 win=1 x=577 y=0 s="READY" fg=0 bg=3 -> 0
FLAIR-EVT what=4 where=211,124 msg=00004D00
FLAIR-EVT what=3 where=211,124 msg=00002B5C
FLAIR-SUSPEND
FLAIR-TEXT-FAIL err=2
FLAIR-RESUME
FLAIR-EVT what=3 where=211,124 msg=00000C2D
TENANT-EVT what=3
TENANT-GATE ax=0x0033 win=1 x=1 y=0 s="D2:                                                                     " fg=1 bg=0 -> 0
TENANT-GATE ax=0x0033 win=1 x=577 y=0 s="VALUE" fg=0 bg=3 -> 0
TENANT-GATE ax=0x0033 win=1 x=1 y=16 s="-_                                                                           " fg=1 bg=0 -> 0
FLAIR-EVT what=4 where=211,124 msg=00000C2D
FLAIR-EVT what=3 where=211,124 msg=00001C0A
TENANT-EVT what=3
TENANT-GATE ax=0x0033 win=1 x=1 y=0 s="D2:                                                                     " fg=1 bg=0 -> 0
TENANT-GATE ax=0x0033 win=1 x=577 y=0 s=" EDIT" fg=0 bg=3 -> 0
TENANT-GATE ax=0x0033 win=1 x=1 y=16 s="-_                                                                           " fg=1 bg=0 -> 0
FLAIR-EVT what=4 where=211,124 msg=00001C0A
FLAIR-EVT what=3 where=211,124 msg=00004700
TENANT-EVT what=3
FLAIR-EVT what=4 where=211,124 msg=00004700
FLAIR-EVT what=3 where=211,124 msg=00005000
TENANT-EVT what=3
FLAIR-EVT what=4 where=211,124 msg=00005000
FLAIR-EVT what=3 where=211,124 msg=00005000
TENANT-EVT what=3
FLAIR-EVT what=4 where=211,124 msg=00005000
FLAIR-EVT what=3 where=211,124 msg=00005000
TENANT-EVT what=3
FLAIR-EVT what=4 where=211,124 msg=00005000
FLAIR-EVT what=3 where=211,124 msg=00005000
TENANT-EVT what=3
FLAIR-EVT what=4 where=211,124 msg=00005000
FLAIR-EVT what=3 where=211,124 msg=00005000
TENANT-EVT what=3
FLAIR-EVT what=4 where=211,124 msg=00005000
FLAIR-EVT what=3 where=211,124 msg=00005000
TENANT-EVT what=3
FLAIR-EVT what=4 where=211,124 msg=00005000
FLAIR-EVT what=3 where=211,124 msg=00005000
TENANT-EVT what=3
FLAIR-EVT what=4 where=211,124 msg=00005000
FLAIR-EVT what=3 where=211,124 msg=00005000
TENANT-EVT what=3
FLAIR-EVT what=4 where=211,124 msg=00005000
FLAIR-EVT what=3 where=211,124 msg=00005000
TENANT-EVT what=3
FLAIR-EVT what=4 where=211,124 msg=00005000
FLAIR-EVT what=3 where=211,124 msg=00005000
TENANT-EVT what=3
FLAIR-EVT what=4 where=211,124 msg=00005000
FLAIR-EVT what=3 where=211,124 msg=00005000
TENANT-EVT what=3
FLAIR-EVT what=4 where=211,124 msg=00005000
FLAIR-EVT what=3 where=211,124 msg=00005000
TENANT-EVT what=3
FLAIR-EVT what=4 where=211,124 msg=00005000
FLAIR-EVT what=3 where=211,124 msg=00005000
TENANT-EVT what=3
FLAIR-EVT what=4 where=211,124 msg=00005000
FLAIR-EVT what=3 where=211,124 msg=00005000
TENANT-EVT what=3
FLAIR-EVT what=4 where=211,124 msg=00005000
FLAIR-EVT what=3 where=211,124 msg=00005000
TENANT-EVT what=3
FLAIR-EVT what=4 where=211,124 msg=00005000
FLAIR-EVT what=3 where=211,124 msg=00005000
TENANT-EVT what=3
FLAIR-EVT what=4 where=211,124 msg=00005000
FLAIR-EVT what=3 where=211,124 msg=00005000
TENANT-EVT what=3
FLAIR-EVT what=4 where=211,124 msg=00005000
FLAIR-EVT what=3 where=211,124 msg=00005000
TENANT-EVT what=3
FLAIR-EVT what=4 where=211,124 msg=00005000
FLAIR-EVT what=3 where=211,124 msg=00005000
TENANT-EVT what=3
FLAIR-EVT what=4 where=211,124 msg=00005000
FLAIR-EVT what=3 where=211,124 msg=00005000
TENANT-EVT what=3
FLAIR-EVT what=4 where=211,124 msg=00005000
FLAIR-EVT what=3 where=211,124 msg=00005000
TENANT-EVT what=3
FLAIR-EVT what=4 where=211,124 msg=00005000
FLAIR-EVT what=3 where=211,124 msg=00005000
TENANT-EVT what=3
FLAIR-EVT what=4 where=211,124 msg=00005000
FLAIR-EVT what=3 where=211,124 msg=00004700
TENANT-EVT what=3
FLAIR-EVT what=4 where=211,124 msg=00004700
FLAIR-EVT what=3 where=211,124 msg=00004D00
TENANT-EVT what=3
FLAIR-EVT what=4 where=211,124 msg=00004D00
FLAIR-EVT what=3 where=211,124 msg=00004D00
TENANT-EVT what=3
FLAIR-EVT what=4 where=211,124 msg=00004D00
FLAIR-EVT what=3 where=211,124 msg=00004D00
TENANT-EVT what=3
FLAIR-EVT what=4 where=211,124 msg=00004D00
FLAIR-EVT what=3 where=211,124 msg=00004D00
TENANT-EVT what=3
FLAIR-EVT what=4 where=211,124 msg=00004D00
FLAIR-EVT what=3 where=211,124 msg=00004D00
TENANT-EVT what=3
FLAIR-EVT what=4 where=211,124 msg=00004D00
FLAIR-EVT what=3 where=211,124 msg=00004D00
TENANT-EVT what=3
FLAIR-EVT what=4 where=211,124 msg=00004D00
FLAIR-EVT what=3 where=211,124 msg=00004D00
TENANT-EVT what=3
FLAIR-EVT what=4 where=211,124 msg=00004D00
FLAIR-EVT what=3 where=211,124 msg=00004D00
TENANT-EVT what=3
FLAIR-EVT what=4 where=211,124 msg=00004D00
FLAIR-EVT what=3 where=211,124 msg=00004D00
TENANT-EVT what=3
FLAIR-EVT what=4 where=211,124 msg=00004D00
FLAIR-EVT what=3 where=211,124 msg=00004D00
TENANT-EVT what=3
FLAIR-EVT what=4 where=211,124 msg=00004D00
FLAIR-EVT what=3 where=211,124 msg=00004D00
TENANT-EVT what=3
FLAIR-EVT what=4 where=211,124 msg=00004D00
FLAIR-EVT what=3 where=211,124 msg=00004D00
TENANT-EVT what=3
FLAIR-EVT what=4 where=211,124 msg=00004D00
FLAIR-EVT what=3 where=211,124 msg=00001071
TENANT-MENU menu=129 item=1 src=key
TENANT-EVT what=81
TENANT-GATE ax=0x0070 rc=0 -> 0
TENANT-EXIT rc=0 via=exit
TENANT-HEAPAVAIL n=3418352
FLAIR-EVT what=4 where=211,124 msg=00001071
FLAIR-CURSOR x=131 y=64
FLAIR-CURSOR x=0 y=0
FLAIR-CURSOR x=145 y=65
FLAIR-CURSOR x=290 y=130
FLAIR-EVT what=1 where=290,130 msg=00000000
FLAIR-EVT what=2 where=290,130 msg=00000000
FINDER-WIN-DESELECT-ALL win=1
FLAIR-EVT what=3 where=290,130 msg=00001454
FLAIR-EVT what=4 where=290,130 msg=00001454
FLAIR-EVT what=3 where=290,130 msg=00001265
FLAIR-EVT what=4 where=290,130 msg=00001265
FLAIR-EVT what=3 where=290,130 msg=00001F73
FLAIR-EVT what=4 where=290,130 msg=00001F73
FLAIR-EVT what=3 where=290,130 msg=00001474
FLAIR-EVT what=4 where=290,130 msg=00001474
FLAIR-EVT what=3 where=290,130 msg=00003920
FLAIR-EVT what=4 where=290,130 msg=00003920
FLAIR-EVT what=3 where=290,130 msg=0000316E
FLAIR-EVT what=4 where=290,130 msg=0000316E
FLAIR-EVT what=3 where=290,130 msg=0000186F
FLAIR-EVT what=4 where=290,130 msg=0000186F
FLAIR-EVT what=3 where=290,130 msg=00001474
FLAIR-EVT what=4 where=290,130 msg=00001474
FLAIR-EVT what=3 where=290,130 msg=00001265
FLAIR-EVT what=4 where=290,130 msg=00001265
FLAIR-EVT what=3 where=290,130 msg=00001F73
FLAIR-EVT what=4 where=290,130 msg=00001F73
FLAIR-CURSOR x=50 y=0
FLAIR-CURSOR x=0 y=0
FLAIR-CURSOR x=40 y=28
FLAIR-EVT what=1 where=40,28 msg=00000000
FLAIR-MENU-DROP menu=512
FLAIR-CURSOR x=65 y=100
FLAIR-EVT what=2 where=65,100 msg=00000000
FLAIR-MENU menu=512 item=4 (sel=0x02000004)
FINDER-CMD id=4 name=CLOSE_WINDOW src=mouse sel=0
FINDER-CLOSE-WINDOW win=1
DESKTOP-DB-SAVE n=4
FLAIR-CURSOR x=0 y=40
FLAIR-CURSOR x=0 y=0
FLAIR-CURSOR x=143 y=43
FLAIR-CURSOR x=358 y=108
FLAIR-CURSOR x=430 y=130
FLAIR-EVT what=1 where=430,130 msg=00000000
FLAIR-DISPATCH app=NOTES
FLAIR-EVT what=2 where=430,130 msg=00000000
FLAIR-DRAG win 0 (260,120)->(260,120)
FLAIR-EVT what=3 where=430,130 msg=00001454
FLAIR-EVT what=4 where=430,130 msg=00001454
FLAIR-EVT what=3 where=430,130 msg=00001265
FLAIR-EVT what=4 where=430,130 msg=00001265
FLAIR-EVT what=3 where=430,130 msg=00001F73
FLAIR-EVT what=4 where=430,130 msg=00001F73
FLAIR-EVT what=3 where=430,130 msg=00001474
FLAIR-EVT what=4 where=430,130 msg=00001474
FLAIR-EVT what=3 where=430,130 msg=00003920
FLAIR-EVT what=4 where=430,130 msg=00003920
FLAIR-EVT what=3 where=430,130 msg=0000316E
FLAIR-EVT what=4 where=430,130 msg=0000316E
FLAIR-EVT what=3 where=430,130 msg=0000186F
FLAIR-EVT what=4 where=430,130 msg=0000186F
FLAIR-EVT what=3 where=430,130 msg=00001474
FLAIR-EVT what=4 where=430,130 msg=00001474
FLAIR-EVT what=3 where=430,130 msg=00001265
FLAIR-EVT what=4 where=430,130 msg=00001265
FLAIR-EVT what=3 where=430,130 msg=00001F73
FLAIR-EVT what=4 where=430,130 msg=00001F73
FLAIR-CURSOR x=350 y=70
FLAIR-CURSOR x=190 y=0
FLAIR-CURSOR x=30 y=0
FLAIR-CURSOR x=0 y=0
FLAIR-CURSOR x=40 y=28
FLAIR-EVT what=1 where=40,28 msg=00000000
FLAIR-MENU-DROP menu=385
FLAIR-EVT what=2 where=40,28 msg=00000000
FLAIR-MENU menu=385 item=0 (sel=0x00000000)
FLAIR-CURSOR x=0 y=0
FLAIR-CURSOR x=40 y=28
FLAIR-EVT what=1 where=40,28 msg=00000000
FLAIR-MENU-DROP menu=385
FLAIR-CURSOR x=65 y=100
FLAIR-EVT what=2 where=65,100 msg=00000000
FLAIR-MENU menu=385 item=4 (sel=0x01810004)
FLAIR-CURSOR x=0 y=40
FLAIR-CURSOR x=0 y=0
FLAIR-CURSOR x=128 y=28
FLAIR-EVT what=1 where=128,28 msg=00000000
FLAIR-MENU menu=0 item=0 (sel=0x00000000)
FLAIR-CURSOR x=150 y=50
FLAIR-EVT what=2 where=150,50 msg=00000000
FLAIR-CURSOR x=70 y=0
FLAIR-CURSOR x=0 y=0
FLAIR-CURSOR x=127 y=47
FLAIR-CURSOR x=190 y=70
FLAIR-EVT what=1 where=190,70 msg=00000000
FLAIR-DISPATCH app=FINDER
FLAIR-EVT what=2 where=190,70 msg=00000000
FLAIR-DRAG win 0 (20,60)->(20,60)
FLAIR-CURSOR x=0 y=0
FLAIR-CURSOR x=123 y=101
FLAIR-EVT what=1 where=123,101 msg=00000000
FLAIR-EVT what=2 where=123,101 msg=00000000
FINDER-WIN-SELECT win=0 name=APPS count=1
FLAIR-EVT what=1 where=123,101 msg=00000000
FLAIR-EVT what=2 where=123,101 msg=00000000
FINDER-OPEN-FOLDER name=APPS win=1 singleton=0
FLAIR-CURSOR x=0 y=0
FLAIR-CURSOR x=70 y=41
FLAIR-CURSOR x=211 y=124
FLAIR-EVT what=1 where=211,124 msg=00000000
FLAIR-EVT what=2 where=211,124 msg=00000000
FINDER-WIN-SELECT win=1 name=123.EXE count=1
FLAIR-EVT what=1 where=211,124 msg=00000000
FLAIR-EVT what=2 where=211,124 msg=00000000
TENANT-LOAD name=123.EXE len=12592 base=0x001a4d00
TENANT-REGISTER ok app=123
TENANT-GATE ax=0x0001 rec=+0x3010 -> 0
TENANT-GATE ax=0x0050 bar=+0x2cd8 -> 0
TENANT-GATE ax=0x0020 l=0 t=40 r=640 b=480 goaway=1 -> 1
TENANT-GATE ax=0x0022 win=1 s="Initech 123" -> 0
TENANT-EVT what=8
TENANT-EVT what=6
TENANT-GATE ax=0x0031 win=1 l=0 t=0 r=640 b=480 c=0 -> 0
TENANT-GATE ax=0x0033 win=1 x=1 y=0 s="A1:                                                                     " fg=1 bg=0 -> 0
TENANT-GATE ax=0x0033 win=1 x=577 y=0 s="READY" fg=0 bg=3 -> 0
TENANT-GATE ax=0x0033 win=1 x=1 y=16 s="                                                                             " fg=1 bg=0 -> 0
TENANT-GATE ax=0x0033 win=1 x=1 y=32 s="                                                                             " fg=1 bg=0 -> 0
TENANT-GATE ax=0x0033 win=1 x=1 y=48 s="        A        B        C        D        E        F        G        H     " fg=0 bg=3 -> 0
TENANT-GATE ax=0x0033 win=1 x=1 y=64 s="1   " fg=0 bg=3 -> 0
TENANT-GATE ax=0x0033 win=1 x=33 y=64 s="                                                                         " fg=1 bg=0 -> 0
TENANT-GATE ax=0x0033 win=1 x=1 y=80 s="2   " fg=0 bg=3 -> 0
TENANT-GATE ax=0x0033 win=1 x=33 y=80 s="                                                                         " fg=1 bg=0 -> 0
TENANT-GATE ax=0x0033 win=1 x=1 y=96 s="3   " fg=0 bg=3 -> 0
TENANT-GATE ax=0x0033 win=1 x=33 y=96 s="                                                                         " fg=1 bg=0 -> 0
TENANT-GATE ax=0x0033 win=1 x=1 y=112 s="4   " fg=0 bg=3 -> 0
TENANT-GATE ax=0x0033 win=1 x=33 y=112 s="                                                                         " fg=1 bg=0 -> 0
TENANT-GATE ax=0x0033 win=1 x=1 y=128 s="5   " fg=0 bg=3 -> 0
TENANT-GATE ax=0x0033 win=1 x=33 y=128 s="                                                                         " fg=1 bg=0 -> 0
TENANT-GATE ax=0x0033 win=1 x=1 y=144 s="6   " fg=0 bg=3 -> 0
TENANT-GATE ax=0x0033 win=1 x=33 y=144 s="                                                                         " fg=1 bg=0 -> 0
TENANT-GATE ax=0x0033 win=1 x=1 y=160 s="7   " fg=0 bg=3 -> 0
TENANT-GATE ax=0x0033 win=1 x=33 y=160 s="                                                                         " fg=1 bg=0 -> 0
TENANT-GATE ax=0x0033 win=1 x=1 y=176 s="8   " fg=0 bg=3 -> 0
TENANT-GATE ax=0x0033 win=1 x=33 y=176 s="                                                                         " fg=1 bg=0 -> 0
TENANT-GATE ax=0x0033 win=1 x=1 y=192 s="9   " fg=0 bg=3 -> 0
TENANT-GATE ax=0x0033 win=1 x=33 y=192 s="                                                                         " fg=1 bg=0 -> 0
TENANT-GATE ax=0x0033 win=1 x=1 y=208 s="10  " fg=0 bg=3 -> 0
TENANT-GATE ax=0x0033 win=1 x=33 y=208 s="                                                                         " fg=1 bg=0 -> 0
TENANT-GATE ax=0x0033 win=1 x=1 y=224 s="11  " fg=0 bg=3 -> 0
TENANT-GATE ax=0x0033 win=1 x=33 y=224 s="                                                                         " fg=1 bg=0 -> 0
TENANT-GATE ax=0x0033 win=1 x=1 y=240 s="12  " fg=0 bg=3 -> 0
TENANT-GATE ax=0x0033 win=1 x=33 y=240 s="                                                                         " fg=1 bg=0 -> 0
TENANT-GATE ax=0x0033 win=1 x=1 y=256 s="13  " fg=0 bg=3 -> 0
TENANT-GATE ax=0x0033 win=1 x=33 y=256 s="                                                                         " fg=1 bg=0 -> 0
TENANT-GATE ax=0x0033 win=1 x=1 y=272 s="14  " fg=0 bg=3 -> 0
TENANT-GATE ax=0x0033 win=1 x=33 y=272 s="                                                                         " fg=1 bg=0 -> 0
TENANT-GATE ax=0x0033 win=1 x=1 y=288 s="15  " fg=0 bg=3 -> 0
TENANT-GATE ax=0x0033 win=1 x=33 y=288 s="                                                                         " fg=1 bg=0 -> 0
TENANT-GATE ax=0x0033 win=1 x=1 y=304 s="16  " fg=0 bg=3 -> 0
TENANT-GATE ax=0x0033 win=1 x=33 y=304 s="                                                                         " fg=1 bg=0 -> 0
TENANT-GATE ax=0x0033 win=1 x=1 y=320 s="17  " fg=0 bg=3 -> 0
TENANT-GATE ax=0x0033 win=1 x=33 y=320 s="                                                                         " fg=1 bg=0 -> 0
TENANT-GATE ax=0x0033 win=1 x=1 y=336 s="18  " fg=0 bg=3 -> 0
TENANT-GATE ax=0x0033 win=1 x=33 y=336 s="                                                                         " fg=1 bg=0 -> 0
TENANT-GATE ax=0x0033 win=1 x=1 y=352 s="19  " fg=0 bg=3 -> 0
TENANT-GATE ax=0x0033 win=1 x=33 y=352 s="                                                                         " fg=1 bg=0 -> 0
TENANT-GATE ax=0x0033 win=1 x=33 y=64 s="         " fg=0 bg=3 -> 0
TENANT-GATE ax=0x0033 win=1 x=1 y=368 s="                                                                             " fg=1 bg=0 -> 0
FLAIR-DISPATCH app=123
FLAIR-EVT what=3 where=211,124 msg=00004700
TENANT-EVT what=3
TENANT-GATE ax=0x0033 win=1 x=1 y=64 s="1   " fg=0 bg=3 -> 0
TENANT-GATE ax=0x0033 win=1 x=33 y=64 s="                                                                         " fg=1 bg=0 -> 0
TENANT-GATE ax=0x0033 win=1 x=33 y=64 s="         " fg=0 bg=3 -> 0
TENANT-GATE ax=0x0033 win=1 x=1 y=0 s="A1:                                                                     " fg=1 bg=0 -> 0
TENANT-GATE ax=0x0033 win=1 x=577 y=0 s="READY" fg=0 bg=3 -> 0
FLAIR-EVT what=4 where=211,124 msg=00004700
FLAIR-EVT what=3 where=211,124 msg=00000100
TENANT-EVT what=3
FLAIR-EVT what=4 where=211,124 msg=00000100
FLAIR-EVT what=3 where=211,124 msg=0000075E
TENANT-EVT what=3
TENANT-GATE ax=0x0033 win=1 x=1 y=0 s="A1:                                                                     " fg=1 bg=0 -> 0
TENANT-GATE ax=0x0033 win=1 x=577 y=0 s="LABEL" fg=0 bg=3 -> 0
TENANT-GATE ax=0x0033 win=1 x=1 y=16 s="^_                                                                           " fg=1 bg=0 -> 0
FLAIR-EVT what=4 where=211,124 msg=0000075E
FLAIR-EVT what=3 where=211,124 msg=00002E43
TENANT-EVT what=3
TENANT-GATE ax=0x0033 win=1 x=1 y=16 s="^C_                                                                          " fg=1 bg=0 -> 0
FLAIR-EVT what=4 where=211,124 msg=00002E43
FLAIR-EVT what=3 where=211,124 msg=00001265
TENANT-EVT what=3
TENANT-GATE ax=0x0033 win=1 x=1 y=16 s="^Ce_                                                                         " fg=1 bg=0 -> 0
FLAIR-EVT what=4 where=211,124 msg=00001265
FLAIR-EVT what=3 where=211,124 msg=0000316E
TENANT-EVT what=3
TENANT-GATE ax=0x0033 win=1 x=1 y=16 s="^Cen_                                                                        " fg=1 bg=0 -> 0
FLAIR-EVT what=4 where=211,124 msg=0000316E
FLAIR-EVT what=3 where=211,124 msg=00001474
TENANT-EVT what=3
TENANT-GATE ax=0x0033 win=1 x=1 y=16 s="^Cent_                                                                       " fg=1 bg=0 -> 0
FLAIR-EVT what=4 where=211,124 msg=00001474
FLAIR-EVT what=3 where=211,124 msg=00001265
TENANT-EVT what=3
TENANT-GATE ax=0x0033 win=1 x=1 y=16 s="^Cente_                                                                      " fg=1 bg=0 -> 0
FLAIR-EVT what=4 where=211,124 msg=00001265
FLAIR-EVT what=3 where=211,124 msg=00001372
TENANT-EVT what=3
TENANT-GATE ax=0x0033 win=1 x=1 y=16 s="^Center_                                                                     " fg=1 bg=0 -> 0
FLAIR-EVT what=4 where=211,124 msg=00001372
FLAIR-EVT what=3 where=211,124 msg=00001C0A
TENANT-EVT what=3
TENANT-GATE ax=0x0033 win=1 x=1 y=64 s="1   " fg=0 bg=3 -> 0
TENANT-GATE ax=0x0033 win=1 x=33 y=64 s=" Center                                                                  " fg=1 bg=0 -> 0
TENANT-GATE ax=0x0033 win=1 x=33 y=64 s=" Center  " fg=0 bg=3 -> 0
TENANT-GATE ax=0x0033 win=1 x=1 y=0 s="A1: ^Center                                                             " fg=1 bg=0 -> 0
TENANT-GATE ax=0x0033 win=1 x=577 y=0 s="READY" fg=0 bg=3 -> 0
TENANT-GATE ax=0x0033 win=1 x=1 y=16 s="                                                                             " fg=1 bg=0 -> 0
FLAIR-EVT what=4 where=211,124 msg=00001C0A
FLAIR-EVT what=3 where=211,124 msg=00004D00
TENANT-EVT what=3
TENANT-GATE ax=0x0033 win=1 x=1 y=64 s="1   " fg=0 bg=3 -> 0
TENANT-GATE ax=0x0033 win=1 x=33 y=64 s=" Center                                                                  " fg=1 bg=0 -> 0
TENANT-GATE ax=0x0033 win=1 x=105 y=64 s="         " fg=0 bg=3 -> 0
TENANT-GATE ax=0x0033 win=1 x=1 y=0 s="B1:                                                                     " fg=1 bg=0 -> 0
TENANT-GATE ax=0x0033 win=1 x=577 y=0 s="READY" fg=0 bg=3 -> 0
FLAIR-EVT what=4 where=211,124 msg=00004D00
FLAIR-EVT what=3 where=211,124 msg=00002B5C
FLAIR-SUSPEND
FLAIR-TEXT-FAIL err=2
FLAIR-RESUME
FLAIR-EVT what=3 where=211,124 msg=00000100
TENANT-EVT what=3
FLAIR-EVT what=4 where=211,124 msg=00000100
FLAIR-EVT what=3 where=211,124 msg=00004700
TENANT-EVT what=3
TENANT-GATE ax=0x0033 win=1 x=1 y=64 s="1   " fg=0 bg=3 -> 0
TENANT-GATE ax=0x0033 win=1 x=33 y=64 s=" Center                                                                  " fg=1 bg=0 -> 0
TENANT-GATE ax=0x0033 win=1 x=33 y=64 s=" Center  " fg=0 bg=3 -> 0
TENANT-GATE ax=0x0033 win=1 x=1 y=0 s="A1: ^Center                                                             " fg=1 bg=0 -> 0
TENANT-GATE ax=0x0033 win=1 x=577 y=0 s="READY" fg=0 bg=3 -> 0
FLAIR-EVT what=4 where=211,124 msg=00004700
FLAIR-EVT what=3 where=211,124 msg=00005000
TENANT-EVT what=3
TENANT-GATE ax=0x0033 win=1 x=1 y=64 s="1   " fg=0 bg=3 -> 0
TENANT-GATE ax=0x0033 win=1 x=33 y=64 s=" Center                                                                  " fg=1 bg=0 -> 0
TENANT-GATE ax=0x0033 win=1 x=33 y=80 s="         " fg=0 bg=3 -> 0
TENANT-GATE ax=0x0033 win=1 x=1 y=0 s="A2:                                                                     " fg=1 bg=0 -> 0
TENANT-GATE ax=0x0033 win=1 x=577 y=0 s="READY" fg=0 bg=3 -> 0
FLAIR-EVT what=4 where=211,124 msg=00005000
FLAIR-EVT what=3 where=211,124 msg=00005000
TENANT-EVT what=3
TENANT-GATE ax=0x0033 win=1 x=1 y=80 s="2   " fg=0 bg=3 -> 0
TENANT-GATE ax=0x0033 win=1 x=33 y=80 s="                                                                         " fg=1 bg=0 -> 0
TENANT-GATE ax=0x0033 win=1 x=33 y=96 s="         " fg=0 bg=3 -> 0
TENANT-GATE ax=0x0033 win=1 x=1 y=0 s="A3:                                                                     " fg=1 bg=0 -> 0
TENANT-GATE ax=0x0033 win=1 x=577 y=0 s="READY" fg=0 bg=3 -> 0
FLAIR-EVT what=4 where=211,124 msg=00005000
FLAIR-EVT what=3 where=211,124 msg=00005000
TENANT-EVT what=3
TENANT-GATE ax=0x0033 win=1 x=1 y=96 s="3   " fg=0 bg=3 -> 0
TENANT-GATE ax=0x0033 win=1 x=33 y=96 s="                                                                         " fg=1 bg=0 -> 0
TENANT-GATE ax=0x0033 win=1 x=33 y=112 s="         " fg=0 bg=3 -> 0
TENANT-GATE ax=0x0033 win=1 x=1 y=0 s="A4:                                                                     " fg=1 bg=0 -> 0
TENANT-GATE ax=0x0033 win=1 x=577 y=0 s="READY" fg=0 bg=3 -> 0
FLAIR-EVT what=4 where=211,124 msg=00005000
FLAIR-EVT what=3 where=211,124 msg=00005000
TENANT-EVT what=3
TENANT-GATE ax=0x0033 win=1 x=1 y=112 s="4   " fg=0 bg=3 -> 0
TENANT-GATE ax=0x0033 win=1 x=33 y=112 s="                                                                         " fg=1 bg=0 -> 0
TENANT-GATE ax=0x0033 win=1 x=33 y=128 s="         " fg=0 bg=3 -> 0
TENANT-GATE ax=0x0033 win=1 x=1 y=0 s="A5:                                                                     " fg=1 bg=0 -> 0
TENANT-GATE ax=0x0033 win=1 x=577 y=0 s="READY" fg=0 bg=3 -> 0
FLAIR-EVT what=4 where=211,124 msg=00005000
FLAIR-EVT what=3 where=211,124 msg=00005000
TENANT-EVT what=3
TENANT-GATE ax=0x0033 win=1 x=1 y=128 s="5   " fg=0 bg=3 -> 0
TENANT-GATE ax=0x0033 win=1 x=33 y=128 s="                                                                         " fg=1 bg=0 -> 0
TENANT-GATE ax=0x0033 win=1 x=33 y=144 s="         " fg=0 bg=3 -> 0
TENANT-GATE ax=0x0033 win=1 x=1 y=0 s="A6:                                                                     " fg=1 bg=0 -> 0
TENANT-GATE ax=0x0033 win=1 x=577 y=0 s="READY" fg=0 bg=3 -> 0
FLAIR-EVT what=4 where=211,124 msg=00005000
FLAIR-EVT what=3 where=211,124 msg=00005000
TENANT-EVT what=3
TENANT-GATE ax=0x0033 win=1 x=1 y=144 s="6   " fg=0 bg=3 -> 0
TENANT-GATE ax=0x0033 win=1 x=33 y=144 s="                                                                         " fg=1 bg=0 -> 0
TENANT-GATE ax=0x0033 win=1 x=33 y=160 s="         " fg=0 bg=3 -> 0
TENANT-GATE ax=0x0033 win=1 x=1 y=0 s="A7:                                                                     " fg=1 bg=0 -> 0
TENANT-GATE ax=0x0033 win=1 x=577 y=0 s="READY" fg=0 bg=3 -> 0
FLAIR-EVT what=4 where=211,124 msg=00005000
FLAIR-EVT what=3 where=211,124 msg=00005000
TENANT-EVT what=3
TENANT-GATE ax=0x0033 win=1 x=1 y=160 s="7   " fg=0 bg=3 -> 0
TENANT-GATE ax=0x0033 win=1 x=33 y=160 s="                                                                         " fg=1 bg=0 -> 0
TENANT-GATE ax=0x0033 win=1 x=33 y=176 s="         " fg=0 bg=3 -> 0
TENANT-GATE ax=0x0033 win=1 x=1 y=0 s="A8:                                                                     " fg=1 bg=0 -> 0
TENANT-GATE ax=0x0033 win=1 x=577 y=0 s="READY" fg=0 bg=3 -> 0
FLAIR-EVT what=4 where=211,124 msg=00005000
FLAIR-EVT what=3 where=211,124 msg=00005000
TENANT-EVT what=3
TENANT-GATE ax=0x0033 win=1 x=1 y=176 s="8   " fg=0 bg=3 -> 0
TENANT-GATE ax=0x0033 win=1 x=33 y=176 s="                                                                         " fg=1 bg=0 -> 0
TENANT-GATE ax=0x0033 win=1 x=33 y=192 s="         " fg=0 bg=3 -> 0
TENANT-GATE ax=0x0033 win=1 x=1 y=0 s="A9:                                                                     " fg=1 bg=0 -> 0
TENANT-GATE ax=0x0033 win=1 x=577 y=0 s="READY" fg=0 bg=3 -> 0
FLAIR-EVT what=4 where=211,124 msg=00005000
FLAIR-EVT what=3 where=211,124 msg=00005000
TENANT-EVT what=3
TENANT-GATE ax=0x0033 win=1 x=1 y=192 s="9   " fg=0 bg=3 -> 0
TENANT-GATE ax=0x0033 win=1 x=33 y=192 s="                                                                         " fg=1 bg=0 -> 0
TENANT-GATE ax=0x0033 win=1 x=33 y=208 s="         " fg=0 bg=3 -> 0
TENANT-GATE ax=0x0033 win=1 x=1 y=0 s="A10:                                                                    " fg=1 bg=0 -> 0
TENANT-GATE ax=0x0033 win=1 x=577 y=0 s="READY" fg=0 bg=3 -> 0
FLAIR-EVT what=4 where=211,124 msg=00005000
FLAIR-EVT what=3 where=211,124 msg=00005000
TENANT-EVT what=3
TENANT-GATE ax=0x0033 win=1 x=1 y=208 s="10  " fg=0 bg=3 -> 0
TENANT-GATE ax=0x0033 win=1 x=33 y=208 s="                                                                         " fg=1 bg=0 -> 0
TENANT-GATE ax=0x0033 win=1 x=33 y=224 s="         " fg=0 bg=3 -> 0
TENANT-GATE ax=0x0033 win=1 x=1 y=0 s="A11:                                                                    " fg=1 bg=0 -> 0
TENANT-GATE ax=0x0033 win=1 x=577 y=0 s="READY" fg=0 bg=3 -> 0
FLAIR-EVT what=4 where=211,124 msg=00005000
FLAIR-EVT what=3 where=211,124 msg=00005000
TENANT-EVT what=3
TENANT-GATE ax=0x0033 win=1 x=1 y=224 s="11  " fg=0 bg=3 -> 0
TENANT-GATE ax=0x0033 win=1 x=33 y=224 s="                                                                         " fg=1 bg=0 -> 0
TENANT-GATE ax=0x0033 win=1 x=33 y=240 s="         " fg=0 bg=3 -> 0
TENANT-GATE ax=0x0033 win=1 x=1 y=0 s="A12:                                                                    " fg=1 bg=0 -> 0
TENANT-GATE ax=0x0033 win=1 x=577 y=0 s="READY" fg=0 bg=3 -> 0
FLAIR-EVT what=4 where=211,124 msg=00005000
FLAIR-EVT what=3 where=211,124 msg=00005000
TENANT-EVT what=3
TENANT-GATE ax=0x0033 win=1 x=1 y=240 s="12  " fg=0 bg=3 -> 0
TENANT-GATE ax=0x0033 win=1 x=33 y=240 s="                                                                         " fg=1 bg=0 -> 0
TENANT-GATE ax=0x0033 win=1 x=33 y=256 s="         " fg=0 bg=3 -> 0
TENANT-GATE ax=0x0033 win=1 x=1 y=0 s="A13:                                                                    " fg=1 bg=0 -> 0
TENANT-GATE ax=0x0033 win=1 x=577 y=0 s="READY" fg=0 bg=3 -> 0
FLAIR-EVT what=4 where=211,124 msg=00005000
FLAIR-EVT what=3 where=211,124 msg=00005000
TENANT-EVT what=3
TENANT-GATE ax=0x0033 win=1 x=1 y=256 s="13  " fg=0 bg=3 -> 0
TENANT-GATE ax=0x0033 win=1 x=33 y=256 s="                                                                         " fg=1 bg=0 -> 0
TENANT-GATE ax=0x0033 win=1 x=33 y=272 s="         " fg=0 bg=3 -> 0
TENANT-GATE ax=0x0033 win=1 x=1 y=0 s="A14:                                                                    " fg=1 bg=0 -> 0
TENANT-GATE ax=0x0033 win=1 x=577 y=0 s="READY" fg=0 bg=3 -> 0
FLAIR-EVT what=4 where=211,124 msg=00005000
FLAIR-EVT what=3 where=211,124 msg=00005000
TENANT-EVT what=3
TENANT-GATE ax=0x0033 win=1 x=1 y=272 s="14  " fg=0 bg=3 -> 0
TENANT-GATE ax=0x0033 win=1 x=33 y=272 s="                                                                         " fg=1 bg=0 -> 0
TENANT-GATE ax=0x0033 win=1 x=33 y=288 s="         " fg=0 bg=3 -> 0
TENANT-GATE ax=0x0033 win=1 x=1 y=0 s="A15:                                                                    " fg=1 bg=0 -> 0
TENANT-GATE ax=0x0033 win=1 x=577 y=0 s="READY" fg=0 bg=3 -> 0
FLAIR-EVT what=4 where=211,124 msg=00005000
FLAIR-EVT what=3 where=211,124 msg=00005000
TENANT-EVT what=3
TENANT-GATE ax=0x0033 win=1 x=1 y=288 s="15  " fg=0 bg=3 -> 0
TENANT-GATE ax=0x0033 win=1 x=33 y=288 s="                                                                         " fg=1 bg=0 -> 0
TENANT-GATE ax=0x0033 win=1 x=33 y=304 s="         " fg=0 bg=3 -> 0
TENANT-GATE ax=0x0033 win=1 x=1 y=0 s="A16:                                                                    " fg=1 bg=0 -> 0
TENANT-GATE ax=0x0033 win=1 x=577 y=0 s="READY" fg=0 bg=3 -> 0
FLAIR-EVT what=4 where=211,124 msg=00005000
FLAIR-EVT what=3 where=211,124 msg=00005000
TENANT-EVT what=3
TENANT-GATE ax=0x0033 win=1 x=1 y=304 s="16  " fg=0 bg=3 -> 0
TENANT-GATE ax=0x0033 win=1 x=33 y=304 s="                                                                         " fg=1 bg=0 -> 0
TENANT-GATE ax=0x0033 win=1 x=33 y=320 s="         " fg=0 bg=3 -> 0
TENANT-GATE ax=0x0033 win=1 x=1 y=0 s="A17:                                                                    " fg=1 bg=0 -> 0
TENANT-GATE ax=0x0033 win=1 x=577 y=0 s="READY" fg=0 bg=3 -> 0
FLAIR-EVT what=4 where=211,124 msg=00005000
FLAIR-EVT what=3 where=211,124 msg=00005000
TENANT-EVT what=3
TENANT-GATE ax=0x0033 win=1 x=1 y=320 s="17  " fg=0 bg=3 -> 0
TENANT-GATE ax=0x0033 win=1 x=33 y=320 s="                                                                         " fg=1 bg=0 -> 0
TENANT-GATE ax=0x0033 win=1 x=33 y=336 s="         " fg=0 bg=3 -> 0
TENANT-GATE ax=0x0033 win=1 x=1 y=0 s="A18:                                                                    " fg=1 bg=0 -> 0
TENANT-GATE ax=0x0033 win=1 x=577 y=0 s="READY" fg=0 bg=3 -> 0
FLAIR-EVT what=4 where=211,124 msg=00005000
FLAIR-EVT what=3 where=211,124 msg=00005000
TENANT-EVT what=3
TENANT-GATE ax=0x0033 win=1 x=1 y=336 s="18  " fg=0 bg=3 -> 0
TENANT-GATE ax=0x0033 win=1 x=33 y=336 s="                                                                         " fg=1 bg=0 -> 0
TENANT-GATE ax=0x0033 win=1 x=33 y=352 s="         " fg=0 bg=3 -> 0
TENANT-GATE ax=0x0033 win=1 x=1 y=0 s="A19:                                                                    " fg=1 bg=0 -> 0
TENANT-GATE ax=0x0033 win=1 x=577 y=0 s="READY" fg=0 bg=3 -> 0
FLAIR-EVT what=4 where=211,124 msg=00005000
FLAIR-EVT what=3 where=211,124 msg=00005000
TENANT-EVT what=3
TENANT-GATE ax=0x0033 win=1 x=1 y=48 s="        A        B        C        D        E        F        G        H     " fg=0 bg=3 -> 0
TENANT-GATE ax=0x0033 win=1 x=1 y=64 s="2   " fg=0 bg=3 -> 0
TENANT-GATE ax=0x0033 win=1 x=33 y=64 s="                                                                         " fg=1 bg=0 -> 0
TENANT-GATE ax=0x0033 win=1 x=1 y=80 s="3   " fg=0 bg=3 -> 0
TENANT-GATE ax=0x0033 win=1 x=33 y=80 s="                                                                         " fg=1 bg=0 -> 0
TENANT-GATE ax=0x0033 win=1 x=1 y=96 s="4   " fg=0 bg=3 -> 0
TENANT-GATE ax=0x0033 win=1 x=33 y=96 s="                                                                         " fg=1 bg=0 -> 0
TENANT-GATE ax=0x0033 win=1 x=1 y=112 s="5   " fg=0 bg=3 -> 0
TENANT-GATE ax=0x0033 win=1 x=33 y=112 s="                                                                         " fg=1 bg=0 -> 0
TENANT-GATE ax=0x0033 win=1 x=1 y=128 s="6   " fg=0 bg=3 -> 0
TENANT-GATE ax=0x0033 win=1 x=33 y=128 s="                                                                         " fg=1 bg=0 -> 0
TENANT-GATE ax=0x0033 win=1 x=1 y=144 s="7   " fg=0 bg=3 -> 0
TENANT-GATE ax=0x0033 win=1 x=33 y=144 s="                                                                         " fg=1 bg=0 -> 0
TENANT-GATE ax=0x0033 win=1 x=1 y=160 s="8   " fg=0 bg=3 -> 0
TENANT-GATE ax=0x0033 win=1 x=33 y=160 s="                                                                         " fg=1 bg=0 -> 0
TENANT-GATE ax=0x0033 win=1 x=1 y=176 s="9   " fg=0 bg=3 -> 0
TENANT-GATE ax=0x0033 win=1 x=33 y=176 s="                                                                         " fg=1 bg=0 -> 0
TENANT-GATE ax=0x0033 win=1 x=1 y=192 s="10  " fg=0 bg=3 -> 0
TENANT-GATE ax=0x0033 win=1 x=33 y=192 s="                                                                         " fg=1 bg=0 -> 0
TENANT-GATE ax=0x0033 win=1 x=1 y=208 s="11  " fg=0 bg=3 -> 0
TENANT-GATE ax=0x0033 win=1 x=33 y=208 s="                                                                         " fg=1 bg=0 -> 0
TENANT-GATE ax=0x0033 win=1 x=1 y=224 s="12  " fg=0 bg=3 -> 0
TENANT-GATE ax=0x0033 win=1 x=33 y=224 s="                                                                         " fg=1 bg=0 -> 0
TENANT-GATE ax=0x0033 win=1 x=1 y=240 s="13  " fg=0 bg=3 -> 0
TENANT-GATE ax=0x0033 win=1 x=33 y=240 s="                                                                         " fg=1 bg=0 -> 0
TENANT-GATE ax=0x0033 win=1 x=1 y=256 s="14  " fg=0 bg=3 -> 0
TENANT-GATE ax=0x0033 win=1 x=33 y=256 s="                                                                         " fg=1 bg=0 -> 0
TENANT-GATE ax=0x0033 win=1 x=1 y=272 s="15  " fg=0 bg=3 -> 0
TENANT-GATE ax=0x0033 win=1 x=33 y=272 s="                                                                         " fg=1 bg=0 -> 0
TENANT-GATE ax=0x0033 win=1 x=1 y=288 s="16  " fg=0 bg=3 -> 0
TENANT-GATE ax=0x0033 win=1 x=33 y=288 s="                                                                         " fg=1 bg=0 -> 0
TENANT-GATE ax=0x0033 win=1 x=1 y=304 s="17  " fg=0 bg=3 -> 0
TENANT-GATE ax=0x0033 win=1 x=33 y=304 s="                                                                         " fg=1 bg=0 -> 0
TENANT-GATE ax=0x0033 win=1 x=1 y=320 s="18  " fg=0 bg=3 -> 0
TENANT-GATE ax=0x0033 win=1 x=33 y=320 s="                                                                         " fg=1 bg=0 -> 0
TENANT-GATE ax=0x0033 win=1 x=1 y=336 s="19  " fg=0 bg=3 -> 0
TENANT-GATE ax=0x0033 win=1 x=33 y=336 s="                                                                         " fg=1 bg=0 -> 0
TENANT-GATE ax=0x0033 win=1 x=1 y=352 s="20  " fg=0 bg=3 -> 0
TENANT-GATE ax=0x0033 win=1 x=33 y=352 s="                                                                         " fg=1 bg=0 -> 0
TENANT-GATE ax=0x0033 win=1 x=33 y=352 s="         " fg=0 bg=3 -> 0
TENANT-GATE ax=0x0033 win=1 x=1 y=0 s="A20:                                                                    " fg=1 bg=0 -> 0
TENANT-GATE ax=0x0033 win=1 x=577 y=0 s="READY" fg=0 bg=3 -> 0
FLAIR-EVT what=4 where=211,124 msg=00005000
FLAIR-EVT what=3 where=211,124 msg=00005000
TENANT-EVT what=3
TENANT-GATE ax=0x0033 win=1 x=1 y=48 s="        A        B        C        D        E        F        G        H     " fg=0 bg=3 -> 0
TENANT-GATE ax=0x0033 win=1 x=1 y=64 s="3   " fg=0 bg=3 -> 0
TENANT-GATE ax=0x0033 win=1 x=33 y=64 s="                                                                         " fg=1 bg=0 -> 0
TENANT-GATE ax=0x0033 win=1 x=1 y=80 s="4   " fg=0 bg=3 -> 0
TENANT-GATE ax=0x0033 win=1 x=33 y=80 s="                                                                         " fg=1 bg=0 -> 0
TENANT-GATE ax=0x0033 win=1 x=1 y=96 s="5   " fg=0 bg=3 -> 0
TENANT-GATE ax=0x0033 win=1 x=33 y=96 s="                                                                         " fg=1 bg=0 -> 0
TENANT-GATE ax=0x0033 win=1 x=1 y=112 s="6   " fg=0 bg=3 -> 0
TENANT-GATE ax=0x0033 win=1 x=33 y=112 s="                                                                         " fg=1 bg=0 -> 0
TENANT-GATE ax=0x0033 win=1 x=1 y=128 s="7   " fg=0 bg=3 -> 0
TENANT-GATE ax=0x0033 win=1 x=33 y=128 s="                                                                         " fg=1 bg=0 -> 0
TENANT-GATE ax=0x0033 win=1 x=1 y=144 s="8   " fg=0 bg=3 -> 0
TENANT-GATE ax=0x0033 win=1 x=33 y=144 s="                                                                         " fg=1 bg=0 -> 0
TENANT-GATE ax=0x0033 win=1 x=1 y=160 s="9   " fg=0 bg=3 -> 0
TENANT-GATE ax=0x0033 win=1 x=33 y=160 s="                                                                         " fg=1 bg=0 -> 0
TENANT-GATE ax=0x0033 win=1 x=1 y=176 s="10  " fg=0 bg=3 -> 0
TENANT-GATE ax=0x0033 win=1 x=33 y=176 s="                                                                         " fg=1 bg=0 -> 0
TENANT-GATE ax=0x0033 win=1 x=1 y=192 s="11  " fg=0 bg=3 -> 0
TENANT-GATE ax=0x0033 win=1 x=33 y=192 s="                                                                         " fg=1 bg=0 -> 0
TENANT-GATE ax=0x0033 win=1 x=1 y=208 s="12  " fg=0 bg=3 -> 0
TENANT-GATE ax=0x0033 win=1 x=33 y=208 s="                                                                         " fg=1 bg=0 -> 0
TENANT-GATE ax=0x0033 win=1 x=1 y=224 s="13  " fg=0 bg=3 -> 0
TENANT-GATE ax=0x0033 win=1 x=33 y=224 s="                                                                         " fg=1 bg=0 -> 0
TENANT-GATE ax=0x0033 win=1 x=1 y=240 s="14  " fg=0 bg=3 -> 0
TENANT-GATE ax=0x0033 win=1 x=33 y=240 s="                                                                         " fg=1 bg=0 -> 0
TENANT-GATE ax=0x0033 win=1 x=1 y=256 s="15  " fg=0 bg=3 -> 0
TENANT-GATE ax=0x0033 win=1 x=33 y=256 s="                                                                         " fg=1 bg=0 -> 0
TENANT-GATE ax=0x0033 win=1 x=1 y=272 s="16  " fg=0 bg=3 -> 0
TENANT-GATE ax=0x0033 win=1 x=33 y=272 s="                                                                         " fg=1 bg=0 -> 0
TENANT-GATE ax=0x0033 win=1 x=1 y=288 s="17  " fg=0 bg=3 -> 0
TENANT-GATE ax=0x0033 win=1 x=33 y=288 s="                                                                         " fg=1 bg=0 -> 0
TENANT-GATE ax=0x0033 win=1 x=1 y=304 s="18  " fg=0 bg=3 -> 0
TENANT-GATE ax=0x0033 win=1 x=33 y=304 s="                                                                         " fg=1 bg=0 -> 0
TENANT-GATE ax=0x0033 win=1 x=1 y=320 s="19  " fg=0 bg=3 -> 0
TENANT-GATE ax=0x0033 win=1 x=33 y=320 s="                                                                         " fg=1 bg=0 -> 0
TENANT-GATE ax=0x0033 win=1 x=1 y=336 s="20  " fg=0 bg=3 -> 0
TENANT-GATE ax=0x0033 win=1 x=33 y=336 s="                                                                         " fg=1 bg=0 -> 0
TENANT-GATE ax=0x0033 win=1 x=1 y=352 s="21  " fg=0 bg=3 -> 0
TENANT-GATE ax=0x0033 win=1 x=33 y=352 s="                                                                         " fg=1 bg=0 -> 0
TENANT-GATE ax=0x0033 win=1 x=33 y=352 s="         " fg=0 bg=3 -> 0
TENANT-GATE ax=0x0033 win=1 x=1 y=0 s="A21:                                                                    " fg=1 bg=0 -> 0
TENANT-GATE ax=0x0033 win=1 x=577 y=0 s="READY" fg=0 bg=3 -> 0
FLAIR-EVT what=4 where=211,124 msg=00005000
FLAIR-EVT what=3 where=211,124 msg=00005000
TENANT-EVT what=3
TENANT-GATE ax=0x0033 win=1 x=1 y=48 s="        A        B        C        D        E        F        G        H     " fg=0 bg=3 -> 0
TENANT-GATE ax=0x0033 win=1 x=1 y=64 s="4   " fg=0 bg=3 -> 0
TENANT-GATE ax=0x0033 win=1 x=33 y=64 s="                                                                         " fg=1 bg=0 -> 0
TENANT-GATE ax=0x0033 win=1 x=1 y=80 s="5   " fg=0 bg=3 -> 0
TENANT-GATE ax=0x0033 win=1 x=33 y=80 s="                                                                         " fg=1 bg=0 -> 0
TENANT-GATE ax=0x0033 win=1 x=1 y=96 s="6   " fg=0 bg=3 -> 0
TENANT-GATE ax=0x0033 win=1 x=33 y=96 s="                                                                         " fg=1 bg=0 -> 0
TENANT-GATE ax=0x0033 win=1 x=1 y=112 s="7   " fg=0 bg=3 -> 0
TENANT-GATE ax=0x0033 win=1 x=33 y=112 s="                                                                         " fg=1 bg=0 -> 0
TENANT-GATE ax=0x0033 win=1 x=1 y=128 s="8   " fg=0 bg=3 -> 0
TENANT-GATE ax=0x0033 win=1 x=33 y=128 s="                                                                         " fg=1 bg=0 -> 0
TENANT-GATE ax=0x0033 win=1 x=1 y=144 s="9   " fg=0 bg=3 -> 0
TENANT-GATE ax=0x0033 win=1 x=33 y=144 s="                                                                         " fg=1 bg=0 -> 0
TENANT-GATE ax=0x0033 win=1 x=1 y=160 s="10  " fg=0 bg=3 -> 0
TENANT-GATE ax=0x0033 win=1 x=33 y=160 s="                                                                         " fg=1 bg=0 -> 0
TENANT-GATE ax=0x0033 win=1 x=1 y=176 s="11  " fg=0 bg=3 -> 0
TENANT-GATE ax=0x0033 win=1 x=33 y=176 s="                                                                         " fg=1 bg=0 -> 0
TENANT-GATE ax=0x0033 win=1 x=1 y=192 s="12  " fg=0 bg=3 -> 0
TENANT-GATE ax=0x0033 win=1 x=33 y=192 s="                                                                         " fg=1 bg=0 -> 0
TENANT-GATE ax=0x0033 win=1 x=1 y=208 s="13  " fg=0 bg=3 -> 0
TENANT-GATE ax=0x0033 win=1 x=33 y=208 s="                                                                         " fg=1 bg=0 -> 0
TENANT-GATE ax=0x0033 win=1 x=1 y=224 s="14  " fg=0 bg=3 -> 0
TENANT-GATE ax=0x0033 win=1 x=33 y=224 s="                                                                         " fg=1 bg=0 -> 0
TENANT-GATE ax=0x0033 win=1 x=1 y=240 s="15  " fg=0 bg=3 -> 0
TENANT-GATE ax=0x0033 win=1 x=33 y=240 s="                                                                         " fg=1 bg=0 -> 0
TENANT-GATE ax=0x0033 win=1 x=1 y=256 s="16  " fg=0 bg=3 -> 0
TENANT-GATE ax=0x0033 win=1 x=33 y=256 s="                                                                         " fg=1 bg=0 -> 0
TENANT-GATE ax=0x0033 win=1 x=1 y=272 s="17  " fg=0 bg=3 -> 0
TENANT-GATE ax=0x0033 win=1 x=33 y=272 s="                                                                         " fg=1 bg=0 -> 0
TENANT-GATE ax=0x0033 win=1 x=1 y=288 s="18  " fg=0 bg=3 -> 0
TENANT-GATE ax=0x0033 win=1 x=33 y=288 s="                                                                         " fg=1 bg=0 -> 0
TENANT-GATE ax=0x0033 win=1 x=1 y=304 s="19  " fg=0 bg=3 -> 0
TENANT-GATE ax=0x0033 win=1 x=33 y=304 s="                                                                         " fg=1 bg=0 -> 0
TENANT-GATE ax=0x0033 win=1 x=1 y=320 s="20  " fg=0 bg=3 -> 0
TENANT-GATE ax=0x0033 win=1 x=33 y=320 s="                                                                         " fg=1 bg=0 -> 0
TENANT-GATE ax=0x0033 win=1 x=1 y=336 s="21  " fg=0 bg=3 -> 0
TENANT-GATE ax=0x0033 win=1 x=33 y=336 s="                                                                         " fg=1 bg=0 -> 0
TENANT-GATE ax=0x0033 win=1 x=1 y=352 s="22  " fg=0 bg=3 -> 0
TENANT-GATE ax=0x0033 win=1 x=33 y=352 s="                                                                         " fg=1 bg=0 -> 0
TENANT-GATE ax=0x0033 win=1 x=33 y=352 s="         " fg=0 bg=3 -> 0
TENANT-GATE ax=0x0033 win=1 x=1 y=0 s="A22:                                                                    " fg=1 bg=0 -> 0
TENANT-GATE ax=0x0033 win=1 x=577 y=0 s="READY" fg=0 bg=3 -> 0
FLAIR-EVT what=4 where=211,124 msg=00005000
FLAIR-EVT what=3 where=211,124 msg=00005000
TENANT-EVT what=3
TENANT-GATE ax=0x0033 win=1 x=1 y=48 s="        A        B        C        D        E        F        G        H     " fg=0 bg=3 -> 0
TENANT-GATE ax=0x0033 win=1 x=1 y=64 s="5   " fg=0 bg=3 -> 0
TENANT-GATE ax=0x0033 win=1 x=33 y=64 s="                                                                         " fg=1 bg=0 -> 0
TENANT-GATE ax=0x0033 win=1 x=1 y=80 s="6   " fg=0 bg=3 -> 0
TENANT-GATE ax=0x0033 win=1 x=33 y=80 s="                                                                         " fg=1 bg=0 -> 0
TENANT-GATE ax=0x0033 win=1 x=1 y=96 s="7   " fg=0 bg=3 -> 0
TENANT-GATE ax=0x0033 win=1 x=33 y=96 s="                                                                         " fg=1 bg=0 -> 0
TENANT-GATE ax=0x0033 win=1 x=1 y=112 s="8   " fg=0 bg=3 -> 0
TENANT-GATE ax=0x0033 win=1 x=33 y=112 s="                                                                         " fg=1 bg=0 -> 0
TENANT-GATE ax=0x0033 win=1 x=1 y=128 s="9   " fg=0 bg=3 -> 0
TENANT-GATE ax=0x0033 win=1 x=33 y=128 s="                                                                         " fg=1 bg=0 -> 0
TENANT-GATE ax=0x0033 win=1 x=1 y=144 s="10  " fg=0 bg=3 -> 0
TENANT-GATE ax=0x0033 win=1 x=33 y=144 s="                                                                         " fg=1 bg=0 -> 0
TENANT-GATE ax=0x0033 win=1 x=1 y=160 s="11  " fg=0 bg=3 -> 0
TENANT-GATE ax=0x0033 win=1 x=33 y=160 s="                                                                         " fg=1 bg=0 -> 0
TENANT-GATE ax=0x0033 win=1 x=1 y=176 s="12  " fg=0 bg=3 -> 0
TENANT-GATE ax=0x0033 win=1 x=33 y=176 s="                                                                         " fg=1 bg=0 -> 0
TENANT-GATE ax=0x0033 win=1 x=1 y=192 s="13  " fg=0 bg=3 -> 0
TENANT-GATE ax=0x0033 win=1 x=33 y=192 s="                                                                         " fg=1 bg=0 -> 0
TENANT-GATE ax=0x0033 win=1 x=1 y=208 s="14  " fg=0 bg=3 -> 0
TENANT-GATE ax=0x0033 win=1 x=33 y=208 s="                                                                         " fg=1 bg=0 -> 0
TENANT-GATE ax=0x0033 win=1 x=1 y=224 s="15  " fg=0 bg=3 -> 0
TENANT-GATE ax=0x0033 win=1 x=33 y=224 s="                                                                         " fg=1 bg=0 -> 0
TENANT-GATE ax=0x0033 win=1 x=1 y=240 s="16  " fg=0 bg=3 -> 0
TENANT-GATE ax=0x0033 win=1 x=33 y=240 s="                                                                         " fg=1 bg=0 -> 0
TENANT-GATE ax=0x0033 win=1 x=1 y=256 s="17  " fg=0 bg=3 -> 0
TENANT-GATE ax=0x0033 win=1 x=33 y=256 s="                                                                         " fg=1 bg=0 -> 0
TENANT-GATE ax=0x0033 win=1 x=1 y=272 s="18  " fg=0 bg=3 -> 0
TENANT-GATE ax=0x0033 win=1 x=33 y=272 s="                                                                         " fg=1 bg=0 -> 0
TENANT-GATE ax=0x0033 win=1 x=1 y=288 s="19  " fg=0 bg=3 -> 0
TENANT-GATE ax=0x0033 win=1 x=33 y=288 s="                                                                         " fg=1 bg=0 -> 0
TENANT-GATE ax=0x0033 win=1 x=1 y=304 s="20  " fg=0 bg=3 -> 0
TENANT-GATE ax=0x0033 win=1 x=33 y=304 s="                                                                         " fg=1 bg=0 -> 0
TENANT-GATE ax=0x0033 win=1 x=1 y=320 s="21  " fg=0 bg=3 -> 0
TENANT-GATE ax=0x0033 win=1 x=33 y=320 s="                                                                         " fg=1 bg=0 -> 0
TENANT-GATE ax=0x0033 win=1 x=1 y=336 s="22  " fg=0 bg=3 -> 0
TENANT-GATE ax=0x0033 win=1 x=33 y=336 s="                                                                         " fg=1 bg=0 -> 0
TENANT-GATE ax=0x0033 win=1 x=1 y=352 s="23  " fg=0 bg=3 -> 0
TENANT-GATE ax=0x0033 win=1 x=33 y=352 s="                                                                         " fg=1 bg=0 -> 0
TENANT-GATE ax=0x0033 win=1 x=33 y=352 s="         " fg=0 bg=3 -> 0
TENANT-GATE ax=0x0033 win=1 x=1 y=0 s="A23:                                                                    " fg=1 bg=0 -> 0
TENANT-GATE ax=0x0033 win=1 x=577 y=0 s="READY" fg=0 bg=3 -> 0
FLAIR-EVT what=4 where=211,124 msg=00005000
FLAIR-EVT what=3 where=211,124 msg=00004700
TENANT-EVT what=3
TENANT-GATE ax=0x0033 win=1 x=1 y=48 s="        A        B        C        D        E        F        G        H     " fg=0 bg=3 -> 0
TENANT-GATE ax=0x0033 win=1 x=1 y=64 s="1   " fg=0 bg=3 -> 0
TENANT-GATE ax=0x0033 win=1 x=33 y=64 s=" Center                                                                  " fg=1 bg=0 -> 0
TENANT-GATE ax=0x0033 win=1 x=1 y=80 s="2   " fg=0 bg=3 -> 0
TENANT-GATE ax=0x0033 win=1 x=33 y=80 s="                                                                         " fg=1 bg=0 -> 0
TENANT-GATE ax=0x0033 win=1 x=1 y=96 s="3   " fg=0 bg=3 -> 0
TENANT-GATE ax=0x0033 win=1 x=33 y=96 s="                                                                         " fg=1 bg=0 -> 0
TENANT-GATE ax=0x0033 win=1 x=1 y=112 s="4   " fg=0 bg=3 -> 0
TENANT-GATE ax=0x0033 win=1 x=33 y=112 s="                                                                         " fg=1 bg=0 -> 0
TENANT-GATE ax=0x0033 win=1 x=1 y=128 s="5   " fg=0 bg=3 -> 0
TENANT-GATE ax=0x0033 win=1 x=33 y=128 s="                                                                         " fg=1 bg=0 -> 0
TENANT-GATE ax=0x0033 win=1 x=1 y=144 s="6   " fg=0 bg=3 -> 0
TENANT-GATE ax=0x0033 win=1 x=33 y=144 s="                                                                         " fg=1 bg=0 -> 0
TENANT-GATE ax=0x0033 win=1 x=1 y=160 s="7   " fg=0 bg=3 -> 0
TENANT-GATE ax=0x0033 win=1 x=33 y=160 s="                                                                         " fg=1 bg=0 -> 0
TENANT-GATE ax=0x0033 win=1 x=1 y=176 s="8   " fg=0 bg=3 -> 0
TENANT-GATE ax=0x0033 win=1 x=33 y=176 s="                                                                         " fg=1 bg=0 -> 0
TENANT-GATE ax=0x0033 win=1 x=1 y=192 s="9   " fg=0 bg=3 -> 0
TENANT-GATE ax=0x0033 win=1 x=33 y=192 s="                                                                         " fg=1 bg=0 -> 0
TENANT-GATE ax=0x0033 win=1 x=1 y=208 s="10  " fg=0 bg=3 -> 0
TENANT-GATE ax=0x0033 win=1 x=33 y=208 s="                                                                         " fg=1 bg=0 -> 0
TENANT-GATE ax=0x0033 win=1 x=1 y=224 s="11  " fg=0 bg=3 -> 0
TENANT-GATE ax=0x0033 win=1 x=33 y=224 s="                                                                         " fg=1 bg=0 -> 0
TENANT-GATE ax=0x0033 win=1 x=1 y=240 s="12  " fg=0 bg=3 -> 0
TENANT-GATE ax=0x0033 win=1 x=33 y=240 s="                                                                         " fg=1 bg=0 -> 0
TENANT-GATE ax=0x0033 win=1 x=1 y=256 s="13  " fg=0 bg=3 -> 0
TENANT-GATE ax=0x0033 win=1 x=33 y=256 s="                                                                         " fg=1 bg=0 -> 0
TENANT-GATE ax=0x0033 win=1 x=1 y=272 s="14  " fg=0 bg=3 -> 0
TENANT-GATE ax=0x0033 win=1 x=33 y=272 s="                                                                         " fg=1 bg=0 -> 0
TENANT-GATE ax=0x0033 win=1 x=1 y=288 s="15  " fg=0 bg=3 -> 0
TENANT-GATE ax=0x0033 win=1 x=33 y=288 s="                                                                         " fg=1 bg=0 -> 0
TENANT-GATE ax=0x0033 win=1 x=1 y=304 s="16  " fg=0 bg=3 -> 0
TENANT-GATE ax=0x0033 win=1 x=33 y=304 s="                                                                         " fg=1 bg=0 -> 0
TENANT-GATE ax=0x0033 win=1 x=1 y=320 s="17  " fg=0 bg=3 -> 0
TENANT-GATE ax=0x0033 win=1 x=33 y=320 s="                                                                         " fg=1 bg=0 -> 0
TENANT-GATE ax=0x0033 win=1 x=1 y=336 s="18  " fg=0 bg=3 -> 0
TENANT-GATE ax=0x0033 win=1 x=33 y=336 s="                                                                         " fg=1 bg=0 -> 0
TENANT-GATE ax=0x0033 win=1 x=1 y=352 s="19  " fg=0 bg=3 -> 0
TENANT-GATE ax=0x0033 win=1 x=33 y=352 s="                                                                         " fg=1 bg=0 -> 0
TENANT-GATE ax=0x0033 win=1 x=33 y=64 s=" Center  " fg=0 bg=3 -> 0
TENANT-GATE ax=0x0033 win=1 x=1 y=0 s="A1: ^Center                                                             " fg=1 bg=0 -> 0
TENANT-GATE ax=0x0033 win=1 x=577 y=0 s="READY" fg=0 bg=3 -> 0
FLAIR-EVT what=4 where=211,124 msg=00004700
FLAIR-EVT what=3 where=211,124 msg=00004D00
TENANT-EVT what=3
TENANT-GATE ax=0x0033 win=1 x=1 y=64 s="1   " fg=0 bg=3 -> 0
TENANT-GATE ax=0x0033 win=1 x=33 y=64 s=" Center                                                                  " fg=1 bg=0 -> 0
TENANT-GATE ax=0x0033 win=1 x=105 y=64 s="         " fg=0 bg=3 -> 0
TENANT-GATE ax=0x0033 win=1 x=1 y=0 s="B1:                                                                     " fg=1 bg=0 -> 0
TENANT-GATE ax=0x0033 win=1 x=577 y=0 s="READY" fg=0 bg=3 -> 0
FLAIR-EVT what=4 where=211,124 msg=00004D00
FLAIR-EVT what=3 where=211,124 msg=00004D00
TENANT-EVT what=3
TENANT-GATE ax=0x0033 win=1 x=1 y=64 s="1   " fg=0 bg=3 -> 0
TENANT-GATE ax=0x0033 win=1 x=33 y=64 s=" Center                                                                  " fg=1 bg=0 -> 0
TENANT-GATE ax=0x0033 win=1 x=177 y=64 s="         " fg=0 bg=3 -> 0
TENANT-GATE ax=0x0033 win=1 x=1 y=0 s="C1:                                                                     " fg=1 bg=0 -> 0
TENANT-GATE ax=0x0033 win=1 x=577 y=0 s="READY" fg=0 bg=3 -> 0
FLAIR-EVT what=4 where=211,124 msg=00004D00
FLAIR-EVT what=3 where=211,124 msg=00004D00
TENANT-EVT what=3
TENANT-GATE ax=0x0033 win=1 x=1 y=64 s="1   " fg=0 bg=3 -> 0
TENANT-GATE ax=0x0033 win=1 x=33 y=64 s=" Center                                                                  " fg=1 bg=0 -> 0
TENANT-GATE ax=0x0033 win=1 x=249 y=64 s="         " fg=0 bg=3 -> 0
TENANT-GATE ax=0x0033 win=1 x=1 y=0 s="D1:                                                                     " fg=1 bg=0 -> 0
TENANT-GATE ax=0x0033 win=1 x=577 y=0 s="READY" fg=0 bg=3 -> 0
FLAIR-EVT what=4 where=211,124 msg=00004D00
FLAIR-EVT what=3 where=211,124 msg=00004D00
TENANT-EVT what=3
TENANT-GATE ax=0x0033 win=1 x=1 y=64 s="1   " fg=0 bg=3 -> 0
TENANT-GATE ax=0x0033 win=1 x=33 y=64 s=" Center                                                                  " fg=1 bg=0 -> 0
TENANT-GATE ax=0x0033 win=1 x=321 y=64 s="         " fg=0 bg=3 -> 0
TENANT-GATE ax=0x0033 win=1 x=1 y=0 s="E1:                                                                     " fg=1 bg=0 -> 0
TENANT-GATE ax=0x0033 win=1 x=577 y=0 s="READY" fg=0 bg=3 -> 0
FLAIR-EVT what=4 where=211,124 msg=00004D00
FLAIR-EVT what=3 where=211,124 msg=00004D00
TENANT-EVT what=3
TENANT-GATE ax=0x0033 win=1 x=1 y=64 s="1   " fg=0 bg=3 -> 0
TENANT-GATE ax=0x0033 win=1 x=33 y=64 s=" Center                                                                  " fg=1 bg=0 -> 0
TENANT-GATE ax=0x0033 win=1 x=393 y=64 s="         " fg=0 bg=3 -> 0
TENANT-GATE ax=0x0033 win=1 x=1 y=0 s="F1:                                                                     " fg=1 bg=0 -> 0
TENANT-GATE ax=0x0033 win=1 x=577 y=0 s="READY" fg=0 bg=3 -> 0
FLAIR-EVT what=4 where=211,124 msg=00004D00
FLAIR-EVT what=3 where=211,124 msg=00004D00
TENANT-EVT what=3
TENANT-GATE ax=0x0033 win=1 x=1 y=64 s="1   " fg=0 bg=3 -> 0
TENANT-GATE ax=0x0033 win=1 x=33 y=64 s=" Center                                                                  " fg=1 bg=0 -> 0
TENANT-GATE ax=0x0033 win=1 x=465 y=64 s="         " fg=0 bg=3 -> 0
TENANT-GATE ax=0x0033 win=1 x=1 y=0 s="G1:                                                                     " fg=1 bg=0 -> 0
TENANT-GATE ax=0x0033 win=1 x=577 y=0 s="READY" fg=0 bg=3 -> 0
FLAIR-EVT what=4 where=211,124 msg=00004D00
FLAIR-EVT what=3 where=211,124 msg=00004D00
TENANT-EVT what=3
TENANT-GATE ax=0x0033 win=1 x=1 y=64 s="1   " fg=0 bg=3 -> 0
TENANT-GATE ax=0x0033 win=1 x=33 y=64 s=" Center                                                                  " fg=1 bg=0 -> 0
TENANT-GATE ax=0x0033 win=1 x=537 y=64 s="         " fg=0 bg=3 -> 0
TENANT-GATE ax=0x0033 win=1 x=1 y=0 s="H1:                                                                     " fg=1 bg=0 -> 0
TENANT-GATE ax=0x0033 win=1 x=577 y=0 s="READY" fg=0 bg=3 -> 0
FLAIR-EVT what=4 where=211,124 msg=00004D00
FLAIR-EVT what=3 where=211,124 msg=00004D00
TENANT-EVT what=3
TENANT-GATE ax=0x0033 win=1 x=1 y=48 s="        B        C        D        E        F        G        H        I     " fg=0 bg=3 -> 0
TENANT-GATE ax=0x0033 win=1 x=1 y=64 s="1   " fg=0 bg=3 -> 0
TENANT-GATE ax=0x0033 win=1 x=33 y=64 s="                                                                         " fg=1 bg=0 -> 0
TENANT-GATE ax=0x0033 win=1 x=1 y=80 s="2   " fg=0 bg=3 -> 0
TENANT-GATE ax=0x0033 win=1 x=33 y=80 s="                                                                         " fg=1 bg=0 -> 0
TENANT-GATE ax=0x0033 win=1 x=1 y=96 s="3   " fg=0 bg=3 -> 0
TENANT-GATE ax=0x0033 win=1 x=33 y=96 s="                                                                         " fg=1 bg=0 -> 0
TENANT-GATE ax=0x0033 win=1 x=1 y=112 s="4   " fg=0 bg=3 -> 0
TENANT-GATE ax=0x0033 win=1 x=33 y=112 s="                                                                         " fg=1 bg=0 -> 0
TENANT-GATE ax=0x0033 win=1 x=1 y=128 s="5   " fg=0 bg=3 -> 0
TENANT-GATE ax=0x0033 win=1 x=33 y=128 s="                                                                         " fg=1 bg=0 -> 0
TENANT-GATE ax=0x0033 win=1 x=1 y=144 s="6   " fg=0 bg=3 -> 0
TENANT-GATE ax=0x0033 win=1 x=33 y=144 s="                                                                         " fg=1 bg=0 -> 0
TENANT-GATE ax=0x0033 win=1 x=1 y=160 s="7   " fg=0 bg=3 -> 0
TENANT-GATE ax=0x0033 win=1 x=33 y=160 s="                                                                         " fg=1 bg=0 -> 0
TENANT-GATE ax=0x0033 win=1 x=1 y=176 s="8   " fg=0 bg=3 -> 0
TENANT-GATE ax=0x0033 win=1 x=33 y=176 s="                                                                         " fg=1 bg=0 -> 0
TENANT-GATE ax=0x0033 win=1 x=1 y=192 s="9   " fg=0 bg=3 -> 0
TENANT-GATE ax=0x0033 win=1 x=33 y=192 s="                                                                         " fg=1 bg=0 -> 0
TENANT-GATE ax=0x0033 win=1 x=1 y=208 s="10  " fg=0 bg=3 -> 0
TENANT-GATE ax=0x0033 win=1 x=33 y=208 s="                                                                         " fg=1 bg=0 -> 0
TENANT-GATE ax=0x0033 win=1 x=1 y=224 s="11  " fg=0 bg=3 -> 0
TENANT-GATE ax=0x0033 win=1 x=33 y=224 s="                                                                         " fg=1 bg=0 -> 0
TENANT-GATE ax=0x0033 win=1 x=1 y=240 s="12  " fg=0 bg=3 -> 0
TENANT-GATE ax=0x0033 win=1 x=33 y=240 s="                                                                         " fg=1 bg=0 -> 0
TENANT-GATE ax=0x0033 win=1 x=1 y=256 s="13  " fg=0 bg=3 -> 0
TENANT-GATE ax=0x0033 win=1 x=33 y=256 s="                                                                         " fg=1 bg=0 -> 0
TENANT-GATE ax=0x0033 win=1 x=1 y=272 s="14  " fg=0 bg=3 -> 0
TENANT-GATE ax=0x0033 win=1 x=33 y=272 s="                                                                         " fg=1 bg=0 -> 0
TENANT-GATE ax=0x0033 win=1 x=1 y=288 s="15  " fg=0 bg=3 -> 0
TENANT-GATE ax=0x0033 win=1 x=33 y=288 s="                                                                         " fg=1 bg=0 -> 0
TENANT-GATE ax=0x0033 win=1 x=1 y=304 s="16  " fg=0 bg=3 -> 0
TENANT-GATE ax=0x0033 win=1 x=33 y=304 s="                                                                         " fg=1 bg=0 -> 0
TENANT-GATE ax=0x0033 win=1 x=1 y=320 s="17  " fg=0 bg=3 -> 0
TENANT-GATE ax=0x0033 win=1 x=33 y=320 s="                                                                         " fg=1 bg=0 -> 0
TENANT-GATE ax=0x0033 win=1 x=1 y=336 s="18  " fg=0 bg=3 -> 0
TENANT-GATE ax=0x0033 win=1 x=33 y=336 s="                                                                         " fg=1 bg=0 -> 0
TENANT-GATE ax=0x0033 win=1 x=1 y=352 s="19  " fg=0 bg=3 -> 0
TENANT-GATE ax=0x0033 win=1 x=33 y=352 s="                                                                         " fg=1 bg=0 -> 0
TENANT-GATE ax=0x0033 win=1 x=537 y=64 s="         " fg=0 bg=3 -> 0
TENANT-GATE ax=0x0033 win=1 x=1 y=0 s="I1:                                                                     " fg=1 bg=0 -> 0
TENANT-GATE ax=0x0033 win=1 x=577 y=0 s="READY" fg=0 bg=3 -> 0
FLAIR-EVT what=4 where=211,124 msg=00004D00
FLAIR-EVT what=3 where=211,124 msg=00004D00
TENANT-EVT what=3
TENANT-GATE ax=0x0033 win=1 x=1 y=48 s="        C        D        E        F        G        H        I        J     " fg=0 bg=3 -> 0
TENANT-GATE ax=0x0033 win=1 x=1 y=64 s="1   " fg=0 bg=3 -> 0
TENANT-GATE ax=0x0033 win=1 x=33 y=64 s="                                                                         " fg=1 bg=0 -> 0
TENANT-GATE ax=0x0033 win=1 x=1 y=80 s="2   " fg=0 bg=3 -> 0
TENANT-GATE ax=0x0033 win=1 x=33 y=80 s="                                                                         " fg=1 bg=0 -> 0
TENANT-GATE ax=0x0033 win=1 x=1 y=96 s="3   " fg=0 bg=3 -> 0
TENANT-GATE ax=0x0033 win=1 x=33 y=96 s="                                                                         " fg=1 bg=0 -> 0
TENANT-GATE ax=0x0033 win=1 x=1 y=112 s="4   " fg=0 bg=3 -> 0
TENANT-GATE ax=0x0033 win=1 x=33 y=112 s="                                                                         " fg=1 bg=0 -> 0
TENANT-GATE ax=0x0033 win=1 x=1 y=128 s="5   " fg=0 bg=3 -> 0
TENANT-GATE ax=0x0033 win=1 x=33 y=128 s="                                                                         " fg=1 bg=0 -> 0
TENANT-GATE ax=0x0033 win=1 x=1 y=144 s="6   " fg=0 bg=3 -> 0
TENANT-GATE ax=0x0033 win=1 x=33 y=144 s="                                                                         " fg=1 bg=0 -> 0
TENANT-GATE ax=0x0033 win=1 x=1 y=160 s="7   " fg=0 bg=3 -> 0
TENANT-GATE ax=0x0033 win=1 x=33 y=160 s="                                                                         " fg=1 bg=0 -> 0
TENANT-GATE ax=0x0033 win=1 x=1 y=176 s="8   " fg=0 bg=3 -> 0
TENANT-GATE ax=0x0033 win=1 x=33 y=176 s="                                                                         " fg=1 bg=0 -> 0
TENANT-GATE ax=0x0033 win=1 x=1 y=192 s="9   " fg=0 bg=3 -> 0
TENANT-GATE ax=0x0033 win=1 x=33 y=192 s="                                                                         " fg=1 bg=0 -> 0
TENANT-GATE ax=0x0033 win=1 x=1 y=208 s="10  " fg=0 bg=3 -> 0
TENANT-GATE ax=0x0033 win=1 x=33 y=208 s="                                                                         " fg=1 bg=0 -> 0
TENANT-GATE ax=0x0033 win=1 x=1 y=224 s="11  " fg=0 bg=3 -> 0
TENANT-GATE ax=0x0033 win=1 x=33 y=224 s="                                                                         " fg=1 bg=0 -> 0
TENANT-GATE ax=0x0033 win=1 x=1 y=240 s="12  " fg=0 bg=3 -> 0
TENANT-GATE ax=0x0033 win=1 x=33 y=240 s="                                                                         " fg=1 bg=0 -> 0
TENANT-GATE ax=0x0033 win=1 x=1 y=256 s="13  " fg=0 bg=3 -> 0
TENANT-GATE ax=0x0033 win=1 x=33 y=256 s="                                                                         " fg=1 bg=0 -> 0
TENANT-GATE ax=0x0033 win=1 x=1 y=272 s="14  " fg=0 bg=3 -> 0
TENANT-GATE ax=0x0033 win=1 x=33 y=272 s="                                                                         " fg=1 bg=0 -> 0
TENANT-GATE ax=0x0033 win=1 x=1 y=288 s="15  " fg=0 bg=3 -> 0
TENANT-GATE ax=0x0033 win=1 x=33 y=288 s="                                                                         " fg=1 bg=0 -> 0
TENANT-GATE ax=0x0033 win=1 x=1 y=304 s="16  " fg=0 bg=3 -> 0
TENANT-GATE ax=0x0033 win=1 x=33 y=304 s="                                                                         " fg=1 bg=0 -> 0
TENANT-GATE ax=0x0033 win=1 x=1 y=320 s="17  " fg=0 bg=3 -> 0
TENANT-GATE ax=0x0033 win=1 x=33 y=320 s="                                                                         " fg=1 bg=0 -> 0
TENANT-GATE ax=0x0033 win=1 x=1 y=336 s="18  " fg=0 bg=3 -> 0
TENANT-GATE ax=0x0033 win=1 x=33 y=336 s="                                                                         " fg=1 bg=0 -> 0
TENANT-GATE ax=0x0033 win=1 x=1 y=352 s="19  " fg=0 bg=3 -> 0
TENANT-GATE ax=0x0033 win=1 x=33 y=352 s="                                                                         " fg=1 bg=0 -> 0
TENANT-GATE ax=0x0033 win=1 x=537 y=64 s="         " fg=0 bg=3 -> 0
TENANT-GATE ax=0x0033 win=1 x=1 y=0 s="J1:                                                                     " fg=1 bg=0 -> 0
TENANT-GATE ax=0x0033 win=1 x=577 y=0 s="READY" fg=0 bg=3 -> 0
FLAIR-EVT what=4 where=211,124 msg=00004D00
FLAIR-EVT what=3 where=211,124 msg=00004D00
TENANT-EVT what=3
TENANT-GATE ax=0x0033 win=1 x=1 y=48 s="        D        E        F        G        H        I        J        K     " fg=0 bg=3 -> 0
TENANT-GATE ax=0x0033 win=1 x=1 y=64 s="1   " fg=0 bg=3 -> 0
TENANT-GATE ax=0x0033 win=1 x=33 y=64 s="                                                                         " fg=1 bg=0 -> 0
TENANT-GATE ax=0x0033 win=1 x=1 y=80 s="2   " fg=0 bg=3 -> 0
TENANT-GATE ax=0x0033 win=1 x=33 y=80 s="                                                                         " fg=1 bg=0 -> 0
TENANT-GATE ax=0x0033 win=1 x=1 y=96 s="3   " fg=0 bg=3 -> 0
TENANT-GATE ax=0x0033 win=1 x=33 y=96 s="                                                                         " fg=1 bg=0 -> 0
TENANT-GATE ax=0x0033 win=1 x=1 y=112 s="4   " fg=0 bg=3 -> 0
TENANT-GATE ax=0x0033 win=1 x=33 y=112 s="                                                                         " fg=1 bg=0 -> 0
TENANT-GATE ax=0x0033 win=1 x=1 y=128 s="5   " fg=0 bg=3 -> 0
TENANT-GATE ax=0x0033 win=1 x=33 y=128 s="                                                                         " fg=1 bg=0 -> 0
TENANT-GATE ax=0x0033 win=1 x=1 y=144 s="6   " fg=0 bg=3 -> 0
TENANT-GATE ax=0x0033 win=1 x=33 y=144 s="                                                                         " fg=1 bg=0 -> 0
TENANT-GATE ax=0x0033 win=1 x=1 y=160 s="7   " fg=0 bg=3 -> 0
TENANT-GATE ax=0x0033 win=1 x=33 y=160 s="                                                                         " fg=1 bg=0 -> 0
TENANT-GATE ax=0x0033 win=1 x=1 y=176 s="8   " fg=0 bg=3 -> 0
TENANT-GATE ax=0x0033 win=1 x=33 y=176 s="                                                                         " fg=1 bg=0 -> 0
TENANT-GATE ax=0x0033 win=1 x=1 y=192 s="9   " fg=0 bg=3 -> 0
TENANT-GATE ax=0x0033 win=1 x=33 y=192 s="                                                                         " fg=1 bg=0 -> 0
TENANT-GATE ax=0x0033 win=1 x=1 y=208 s="10  " fg=0 bg=3 -> 0
TENANT-GATE ax=0x0033 win=1 x=33 y=208 s="                                                                         " fg=1 bg=0 -> 0
TENANT-GATE ax=0x0033 win=1 x=1 y=224 s="11  " fg=0 bg=3 -> 0
TENANT-GATE ax=0x0033 win=1 x=33 y=224 s="                                                                         " fg=1 bg=0 -> 0
TENANT-GATE ax=0x0033 win=1 x=1 y=240 s="12  " fg=0 bg=3 -> 0
TENANT-GATE ax=0x0033 win=1 x=33 y=240 s="                                                                         " fg=1 bg=0 -> 0
TENANT-GATE ax=0x0033 win=1 x=1 y=256 s="13  " fg=0 bg=3 -> 0
TENANT-GATE ax=0x0033 win=1 x=33 y=256 s="                                                                         " fg=1 bg=0 -> 0
TENANT-GATE ax=0x0033 win=1 x=1 y=272 s="14  " fg=0 bg=3 -> 0
TENANT-GATE ax=0x0033 win=1 x=33 y=272 s="                                                                         " fg=1 bg=0 -> 0
TENANT-GATE ax=0x0033 win=1 x=1 y=288 s="15  " fg=0 bg=3 -> 0
TENANT-GATE ax=0x0033 win=1 x=33 y=288 s="                                                                         " fg=1 bg=0 -> 0
TENANT-GATE ax=0x0033 win=1 x=1 y=304 s="16  " fg=0 bg=3 -> 0
TENANT-GATE ax=0x0033 win=1 x=33 y=304 s="                                                                         " fg=1 bg=0 -> 0
TENANT-GATE ax=0x0033 win=1 x=1 y=320 s="17  " fg=0 bg=3 -> 0
TENANT-GATE ax=0x0033 win=1 x=33 y=320 s="                                                                         " fg=1 bg=0 -> 0
TENANT-GATE ax=0x0033 win=1 x=1 y=336 s="18  " fg=0 bg=3 -> 0
TENANT-GATE ax=0x0033 win=1 x=33 y=336 s="                                                                         " fg=1 bg=0 -> 0
TENANT-GATE ax=0x0033 win=1 x=1 y=352 s="19  " fg=0 bg=3 -> 0
TENANT-GATE ax=0x0033 win=1 x=33 y=352 s="                                                                         " fg=1 bg=0 -> 0
TENANT-GATE ax=0x0033 win=1 x=537 y=64 s="         " fg=0 bg=3 -> 0
TENANT-GATE ax=0x0033 win=1 x=1 y=0 s="K1:                                                                     " fg=1 bg=0 -> 0
TENANT-GATE ax=0x0033 win=1 x=577 y=0 s="READY" fg=0 bg=3 -> 0
FLAIR-EVT what=4 where=211,124 msg=00004D00
FLAIR-EVT what=3 where=211,124 msg=00004D00
TENANT-EVT what=3
TENANT-GATE ax=0x0033 win=1 x=1 y=48 s="        E        F        G        H        I        J        K        L     " fg=0 bg=3 -> 0
TENANT-GATE ax=0x0033 win=1 x=1 y=64 s="1   " fg=0 bg=3 -> 0
TENANT-GATE ax=0x0033 win=1 x=33 y=64 s="                                                                         " fg=1 bg=0 -> 0
TENANT-GATE ax=0x0033 win=1 x=1 y=80 s="2   " fg=0 bg=3 -> 0
TENANT-GATE ax=0x0033 win=1 x=33 y=80 s="                                                                         " fg=1 bg=0 -> 0
TENANT-GATE ax=0x0033 win=1 x=1 y=96 s="3   " fg=0 bg=3 -> 0
TENANT-GATE ax=0x0033 win=1 x=33 y=96 s="                                                                         " fg=1 bg=0 -> 0
TENANT-GATE ax=0x0033 win=1 x=1 y=112 s="4   " fg=0 bg=3 -> 0
TENANT-GATE ax=0x0033 win=1 x=33 y=112 s="                                                                         " fg=1 bg=0 -> 0
TENANT-GATE ax=0x0033 win=1 x=1 y=128 s="5   " fg=0 bg=3 -> 0
TENANT-GATE ax=0x0033 win=1 x=33 y=128 s="                                                                         " fg=1 bg=0 -> 0
TENANT-GATE ax=0x0033 win=1 x=1 y=144 s="6   " fg=0 bg=3 -> 0
TENANT-GATE ax=0x0033 win=1 x=33 y=144 s="                                                                         " fg=1 bg=0 -> 0
TENANT-GATE ax=0x0033 win=1 x=1 y=160 s="7   " fg=0 bg=3 -> 0
TENANT-GATE ax=0x0033 win=1 x=33 y=160 s="                                                                         " fg=1 bg=0 -> 0
TENANT-GATE ax=0x0033 win=1 x=1 y=176 s="8   " fg=0 bg=3 -> 0
TENANT-GATE ax=0x0033 win=1 x=33 y=176 s="                                                                         " fg=1 bg=0 -> 0
TENANT-GATE ax=0x0033 win=1 x=1 y=192 s="9   " fg=0 bg=3 -> 0
TENANT-GATE ax=0x0033 win=1 x=33 y=192 s="                                                                         " fg=1 bg=0 -> 0
TENANT-GATE ax=0x0033 win=1 x=1 y=208 s="10  " fg=0 bg=3 -> 0
TENANT-GATE ax=0x0033 win=1 x=33 y=208 s="                                                                         " fg=1 bg=0 -> 0
TENANT-GATE ax=0x0033 win=1 x=1 y=224 s="11  " fg=0 bg=3 -> 0
TENANT-GATE ax=0x0033 win=1 x=33 y=224 s="                                                                         " fg=1 bg=0 -> 0
TENANT-GATE ax=0x0033 win=1 x=1 y=240 s="12  " fg=0 bg=3 -> 0
TENANT-GATE ax=0x0033 win=1 x=33 y=240 s="                                                                         " fg=1 bg=0 -> 0
TENANT-GATE ax=0x0033 win=1 x=1 y=256 s="13  " fg=0 bg=3 -> 0
TENANT-GATE ax=0x0033 win=1 x=33 y=256 s="                                                                         " fg=1 bg=0 -> 0
TENANT-GATE ax=0x0033 win=1 x=1 y=272 s="14  " fg=0 bg=3 -> 0
TENANT-GATE ax=0x0033 win=1 x=33 y=272 s="                                                                         " fg=1 bg=0 -> 0
TENANT-GATE ax=0x0033 win=1 x=1 y=288 s="15  " fg=0 bg=3 -> 0
TENANT-GATE ax=0x0033 win=1 x=33 y=288 s="                                                                         " fg=1 bg=0 -> 0
TENANT-GATE ax=0x0033 win=1 x=1 y=304 s="16  " fg=0 bg=3 -> 0
TENANT-GATE ax=0x0033 win=1 x=33 y=304 s="                                                                         " fg=1 bg=0 -> 0
TENANT-GATE ax=0x0033 win=1 x=1 y=320 s="17  " fg=0 bg=3 -> 0
TENANT-GATE ax=0x0033 win=1 x=33 y=320 s="                                                                         " fg=1 bg=0 -> 0
TENANT-GATE ax=0x0033 win=1 x=1 y=336 s="18  " fg=0 bg=3 -> 0
TENANT-GATE ax=0x0033 win=1 x=33 y=336 s="                                                                         " fg=1 bg=0 -> 0
TENANT-GATE ax=0x0033 win=1 x=1 y=352 s="19  " fg=0 bg=3 -> 0
TENANT-GATE ax=0x0033 win=1 x=33 y=352 s="                                                                         " fg=1 bg=0 -> 0
TENANT-GATE ax=0x0033 win=1 x=537 y=64 s="         " fg=0 bg=3 -> 0
TENANT-GATE ax=0x0033 win=1 x=1 y=0 s="L1:                                                                     " fg=1 bg=0 -> 0
TENANT-GATE ax=0x0033 win=1 x=577 y=0 s="READY" fg=0 bg=3 -> 0
FLAIR-EVT what=4 where=211,124 msg=00004D00
FLAIR-EVT what=3 where=211,124 msg=00004D00
TENANT-EVT what=3
TENANT-GATE ax=0x0033 win=1 x=1 y=48 s="        F        G        H        I        J        K        L        M     " fg=0 bg=3 -> 0
TENANT-GATE ax=0x0033 win=1 x=1 y=64 s="1   " fg=0 bg=3 -> 0
TENANT-GATE ax=0x0033 win=1 x=33 y=64 s="                                                                         " fg=1 bg=0 -> 0
TENANT-GATE ax=0x0033 win=1 x=1 y=80 s="2   " fg=0 bg=3 -> 0
TENANT-GATE ax=0x0033 win=1 x=33 y=80 s="                                                                         " fg=1 bg=0 -> 0
TENANT-GATE ax=0x0033 win=1 x=1 y=96 s="3   " fg=0 bg=3 -> 0
TENANT-GATE ax=0x0033 win=1 x=33 y=96 s="                                                                         " fg=1 bg=0 -> 0
TENANT-GATE ax=0x0033 win=1 x=1 y=112 s="4   " fg=0 bg=3 -> 0
TENANT-GATE ax=0x0033 win=1 x=33 y=112 s="                                                                         " fg=1 bg=0 -> 0
TENANT-GATE ax=0x0033 win=1 x=1 y=128 s="5   " fg=0 bg=3 -> 0
TENANT-GATE ax=0x0033 win=1 x=33 y=128 s="                                                                         " fg=1 bg=0 -> 0
TENANT-GATE ax=0x0033 win=1 x=1 y=144 s="6   " fg=0 bg=3 -> 0
TENANT-GATE ax=0x0033 win=1 x=33 y=144 s="                                                                         " fg=1 bg=0 -> 0
TENANT-GATE ax=0x0033 win=1 x=1 y=160 s="7   " fg=0 bg=3 -> 0
TENANT-GATE ax=0x0033 win=1 x=33 y=160 s="                                                                         " fg=1 bg=0 -> 0
TENANT-GATE ax=0x0033 win=1 x=1 y=176 s="8   " fg=0 bg=3 -> 0
TENANT-GATE ax=0x0033 win=1 x=33 y=176 s="                                                                         " fg=1 bg=0 -> 0
TENANT-GATE ax=0x0033 win=1 x=1 y=192 s="9   " fg=0 bg=3 -> 0
TENANT-GATE ax=0x0033 win=1 x=33 y=192 s="                                                                         " fg=1 bg=0 -> 0
TENANT-GATE ax=0x0033 win=1 x=1 y=208 s="10  " fg=0 bg=3 -> 0
TENANT-GATE ax=0x0033 win=1 x=33 y=208 s="                                                                         " fg=1 bg=0 -> 0
TENANT-GATE ax=0x0033 win=1 x=1 y=224 s="11  " fg=0 bg=3 -> 0
TENANT-GATE ax=0x0033 win=1 x=33 y=224 s="                                                                         " fg=1 bg=0 -> 0
TENANT-GATE ax=0x0033 win=1 x=1 y=240 s="12  " fg=0 bg=3 -> 0
TENANT-GATE ax=0x0033 win=1 x=33 y=240 s="                                                                         " fg=1 bg=0 -> 0
TENANT-GATE ax=0x0033 win=1 x=1 y=256 s="13  " fg=0 bg=3 -> 0
TENANT-GATE ax=0x0033 win=1 x=33 y=256 s="                                                                         " fg=1 bg=0 -> 0
TENANT-GATE ax=0x0033 win=1 x=1 y=272 s="14  " fg=0 bg=3 -> 0
TENANT-GATE ax=0x0033 win=1 x=33 y=272 s="                                                                         " fg=1 bg=0 -> 0
TENANT-GATE ax=0x0033 win=1 x=1 y=288 s="15  " fg=0 bg=3 -> 0
TENANT-GATE ax=0x0033 win=1 x=33 y=288 s="                                                                         " fg=1 bg=0 -> 0
TENANT-GATE ax=0x0033 win=1 x=1 y=304 s="16  " fg=0 bg=3 -> 0
TENANT-GATE ax=0x0033 win=1 x=33 y=304 s="                                                                         " fg=1 bg=0 -> 0
TENANT-GATE ax=0x0033 win=1 x=1 y=320 s="17  " fg=0 bg=3 -> 0
TENANT-GATE ax=0x0033 win=1 x=33 y=320 s="                                                                         " fg=1 bg=0 -> 0
TENANT-GATE ax=0x0033 win=1 x=1 y=336 s="18  " fg=0 bg=3 -> 0
TENANT-GATE ax=0x0033 win=1 x=33 y=336 s="                                                                         " fg=1 bg=0 -> 0
TENANT-GATE ax=0x0033 win=1 x=1 y=352 s="19  " fg=0 bg=3 -> 0
TENANT-GATE ax=0x0033 win=1 x=33 y=352 s="                                                                         " fg=1 bg=0 -> 0
TENANT-GATE ax=0x0033 win=1 x=537 y=64 s="         " fg=0 bg=3 -> 0
TENANT-GATE ax=0x0033 win=1 x=1 y=0 s="M1:                                                                     " fg=1 bg=0 -> 0
TENANT-GATE ax=0x0033 win=1 x=577 y=0 s="READY" fg=0 bg=3 -> 0
FLAIR-EVT what=4 where=211,124 msg=00004D00
FLAIR-EVT what=3 where=211,124 msg=00000F09
TENANT-EVT what=3
FLAIR-EVT what=4 where=211,124 msg=00000F09
FLAIR-EVT what=3 where=211,124 msg=00004700
TENANT-EVT what=3
TENANT-GATE ax=0x0033 win=1 x=1 y=48 s="        A        B        C        D        E        F        G        H     " fg=0 bg=3 -> 0
TENANT-GATE ax=0x0033 win=1 x=1 y=64 s="1   " fg=0 bg=3 -> 0
TENANT-GATE ax=0x0033 win=1 x=33 y=64 s=" Center                                                                  " fg=1 bg=0 -> 0
TENANT-GATE ax=0x0033 win=1 x=1 y=80 s="2   " fg=0 bg=3 -> 0
TENANT-GATE ax=0x0033 win=1 x=33 y=80 s="                                                                         " fg=1 bg=0 -> 0
TENANT-GATE ax=0x0033 win=1 x=1 y=96 s="3   " fg=0 bg=3 -> 0
TENANT-GATE ax=0x0033 win=1 x=33 y=96 s="                                                                         " fg=1 bg=0 -> 0
TENANT-GATE ax=0x0033 win=1 x=1 y=112 s="4   " fg=0 bg=3 -> 0
TENANT-GATE ax=0x0033 win=1 x=33 y=112 s="                                                                         " fg=1 bg=0 -> 0
TENANT-GATE ax=0x0033 win=1 x=1 y=128 s="5   " fg=0 bg=3 -> 0
TENANT-GATE ax=0x0033 win=1 x=33 y=128 s="                                                                         " fg=1 bg=0 -> 0
TENANT-GATE ax=0x0033 win=1 x=1 y=144 s="6   " fg=0 bg=3 -> 0
TENANT-GATE ax=0x0033 win=1 x=33 y=144 s="                                                                         " fg=1 bg=0 -> 0
TENANT-GATE ax=0x0033 win=1 x=1 y=160 s="7   " fg=0 bg=3 -> 0
TENANT-GATE ax=0x0033 win=1 x=33 y=160 s="                                                                         " fg=1 bg=0 -> 0
TENANT-GATE ax=0x0033 win=1 x=1 y=176 s="8   " fg=0 bg=3 -> 0
TENANT-GATE ax=0x0033 win=1 x=33 y=176 s="                                                                         " fg=1 bg=0 -> 0
TENANT-GATE ax=0x0033 win=1 x=1 y=192 s="9   " fg=0 bg=3 -> 0
TENANT-GATE ax=0x0033 win=1 x=33 y=192 s="                                                                         " fg=1 bg=0 -> 0
TENANT-GATE ax=0x0033 win=1 x=1 y=208 s="10  " fg=0 bg=3 -> 0
TENANT-GATE ax=0x0033 win=1 x=33 y=208 s="                                                                         " fg=1 bg=0 -> 0
TENANT-GATE ax=0x0033 win=1 x=1 y=224 s="11  " fg=0 bg=3 -> 0
TENANT-GATE ax=0x0033 win=1 x=33 y=224 s="                                                                         " fg=1 bg=0 -> 0
TENANT-GATE ax=0x0033 win=1 x=1 y=240 s="12  " fg=0 bg=3 -> 0
TENANT-GATE ax=0x0033 win=1 x=33 y=240 s="                                                                         " fg=1 bg=0 -> 0
TENANT-GATE ax=0x0033 win=1 x=1 y=256 s="13  " fg=0 bg=3 -> 0
TENANT-GATE ax=0x0033 win=1 x=33 y=256 s="                                                                         " fg=1 bg=0 -> 0
TENANT-GATE ax=0x0033 win=1 x=1 y=272 s="14  " fg=0 bg=3 -> 0
TENANT-GATE ax=0x0033 win=1 x=33 y=272 s="                                                                         " fg=1 bg=0 -> 0
TENANT-GATE ax=0x0033 win=1 x=1 y=288 s="15  " fg=0 bg=3 -> 0
TENANT-GATE ax=0x0033 win=1 x=33 y=288 s="                                                                         " fg=1 bg=0 -> 0
TENANT-GATE ax=0x0033 win=1 x=1 y=304 s="16  " fg=0 bg=3 -> 0
TENANT-GATE ax=0x0033 win=1 x=33 y=304 s="                                                                         " fg=1 bg=0 -> 0
TENANT-GATE ax=0x0033 win=1 x=1 y=320 s="17  " fg=0 bg=3 -> 0
TENANT-GATE ax=0x0033 win=1 x=33 y=320 s="                                                                         " fg=1 bg=0 -> 0
TENANT-GATE ax=0x0033 win=1 x=1 y=336 s="18  " fg=0 bg=3 -> 0
TENANT-GATE ax=0x0033 win=1 x=33 y=336 s="                                                                         " fg=1 bg=0 -> 0
TENANT-GATE ax=0x0033 win=1 x=1 y=352 s="19  " fg=0 bg=3 -> 0
TENANT-GATE ax=0x0033 win=1 x=33 y=352 s="                                                                         " fg=1 bg=0 -> 0
TENANT-GATE ax=0x0033 win=1 x=33 y=64 s=" Center  " fg=0 bg=3 -> 0
TENANT-GATE ax=0x0033 win=1 x=1 y=0 s="A1: ^Center                                                             " fg=1 bg=0 -> 0
TENANT-GATE ax=0x0033 win=1 x=577 y=0 s="READY" fg=0 bg=3 -> 0
FLAIR-EVT what=4 where=211,124 msg=00004700
FLAIR-EVT what=3 where=211,124 msg=00005100
TENANT-EVT what=3
FLAIR-EVT what=4 where=211,124 msg=00005100
FLAIR-EVT what=3 where=211,124 msg=00004F00
TENANT-EVT what=3
FLAIR-EVT what=4 where=211,124 msg=00004F00
FLAIR-EVT what=3 where=211,124 msg=00004D00
TENANT-EVT what=3
TENANT-GATE ax=0x0033 win=1 x=1 y=64 s="1   " fg=0 bg=3 -> 0
TENANT-GATE ax=0x0033 win=1 x=33 y=64 s=" Center                                                                  " fg=1 bg=0 -> 0
TENANT-GATE ax=0x0033 win=1 x=105 y=64 s="         " fg=0 bg=3 -> 0
TENANT-GATE ax=0x0033 win=1 x=1 y=0 s="B1:                                                                     " fg=1 bg=0 -> 0
TENANT-GATE ax=0x0033 win=1 x=577 y=0 s="READY" fg=0 bg=3 -> 0
FLAIR-EVT what=4 where=211,124 msg=00004D00
FLAIR-EVT what=3 where=211,124 msg=00001071
TENANT-MENU menu=129 item=1 src=key
TENANT-EVT what=81
TENANT-GATE ax=0x0070 rc=0 -> 0
TENANT-EXIT rc=0 via=exit
TENANT-HEAPAVAIL n=3418352
FLAIR-EVT what=4 where=211,124 msg=00001071
